,PC1,PC2,PC3,PC4,PC5,income
0,0.3857857397582756,-0.24216107346684698,0.3099794463550189,-0.02075553297646762,0.08628799937251008,0.15418459708287924
1,-0.09992774658656002,-0.4474336430076388,-1.7751400775705637,-0.7881090731957211,0.49378746363747467,-0.726524210283054
2,-0.9703330327306499,-1.2357839214820947,1.1199284562854797,0.3649809037918015,-0.02599463997521088,-0.18836584311133026
3,-0.16729013691866404,-0.5998953101524838,-0.7753378460759359,1.4377903771612452,0.31434635005887585,1.1237979056989014
4,2.9802995479628382,-0.9717059666262494,1.2189730835804906,-0.6740082653302782,-0.7571081898702293,0.9834792960218731
5,0.6958108958585919,0.49009951127515583,-0.02694963936928327,-0.5058535855155589,0.9510263050076461,-0.3174193107140948
6,-2.0310773035863403,1.151789482241883,-0.2550176144655521,-0.008319869023255991,-0.1471716330857288,-1.0241492638851
7,0.16201147184374387,-2.363784727504952,0.005600549935174682,-1.2181548252713665,0.4985035610918549,-0.9372274276400815
8,3.615254016301683,2.8116513899015723,0.5919117024081605,-0.8018114892442432,0.7312910163218713,0.775659955035857
9,0.052661818150342786,-0.44611252691662223,0.6407140247117705,-0.6761975173508623,0.20196240791846692,-0.59057647573084
10,-1.0035107825505378,-0.9832565410763544,1.3172851152882195,0.6910765292303724,-0.28907168504174346,0.1397201546595247
11,-2.091612055616372,1.4199419748626176,-0.5481357567418622,-0.000589013045896187,-0.11604017439374155,-1.0241492638851
12,-0.41187164294611484,0.3631889466579645,-1.1222449219044508,-0.15980948362943123,-0.23669977305382345,-0.23009192935440284
13,-1.5142436969164705,-0.1292822775241659,0.600399866955533,0.1619350009999638,-0.12764793461982038,-0.6241465991121458
14,0.7503981338292568,0.9983986661541733,-0.5773036960959965,-0.17064255545598017,0.9220419720898068,0.02806006641942326
15,-2.0932731855846076,1.421223451270311,-0.5170388416666858,-0.019981553210480067,-0.10338612295985714,-1.0241492638851
16,1.1804432088359587,1.138082013766092,-0.869200590261106,-1.5899678145879026,-1.1336070343510585,-0.5502923276732732
17,-1.9892650232004814,0.8772341701240364,-0.019235037640339125,-0.0748497233664392,-0.14005515747477723,-1.0241492638851
18,-0.058421306321282826,-1.493086046478773,-0.24582176038677517,-0.8923766464247476,0.21128708940299268,-0.7378344129256147
19,-1.4837508350538156,0.567264626011488,0.1989431676072473,0.7034627402088807,-0.3354114134339297,-0.07720142112249641
20,0.3188417177094472,0.8297264566239771,-1.2127007541640302,0.06306340036258337,0.3849006268391139,0.17018109882833363
21,-0.026907259492015438,-0.5024233140034435,-2.311456526009612,-1.0024574873514656,0.809946572190879,-0.8818479892030013
22,1.1553904035162406,-1.8535932368736352,0.3594813803288646,1.4568153966030168,-0.602282918391805,1.9917545722367678
23,-0.8525486306227275,-1.030402306798211,0.3149860250557804,0.34770510595851467,0.2648435179788401,-0.14573854550231655
24,1.8783652476213601,1.3031369692179928,-0.24844196143402564,-1.3377880716065862,-0.6981000595630404,-0.15294823642984529
25,0.03985932609650462,-1.2617512033091498,-1.016645936871979,-0.9155272670567467,0.49091776501030354,-0.731570993932324
26,-0.7236946063786263,1.5090951291515184,-0.14744066155780924,-0.6042585320666167,-0.1619134679954657,-0.8812622018151397
27,-0.28557098389541136,-0.13550795690201833,1.3588459945424913,-0.5451170453018331,-0.29747420892776305,-0.6196856028507374
28,0.7233358773591015,-0.7888287427167467,0.3421469491022711,0.07915764139177499,0.2367035326987614,0.3575880023757839
29,0.17268980873797815,-0.9894610788593581,-0.8048749102578446,-0.23718797301968877,0.09829970406103543,-0.044036842855864185
30,0.027405407210229618,0.07524829085568505,-1.8579458057083267,-0.0315654399867991,0.13585388856642924,0.07199412050905155
31,1.501091473404742,0.19160859663659172,-0.8085388035688607,1.9002317232082697,-0.062022971048227876,2.4043741961328973
32,1.0726212736245795,1.5517336484497857,-0.13535102245351086,1.2813741186695036,0.1216873191995751,1.5261437200233021
33,0.6381313286427751,-0.49944747982516446,0.5660997447077931,0.35097667132827554,-0.0413555458062382,0.6129011823468956
34,-0.7182355159757194,0.5542517711852828,-1.2683820915754538,1.2991426360284968,0.17674676031342754,0.7778679228824127
35,0.42976732817627666,1.3623359538282402,0.2024194024082165,0.03183240665975541,0.38329287639932247,0.07280521073839853
36,-1.879537805550943,-0.2463380701321995,1.464112099402327,-0.16107759430627114,-0.3739438271084405,-1.0241492638851
37,0.4147036988240997,-0.24219008052864216,-0.15907766972273513,-0.24623111085290936,0.3750170461176887,-0.04800217286600499
38,-0.8956199134822431,-1.5460794295976612,0.8579547271845257,0.03841979589250103,0.30557727550133185,-0.43169291191542536
39,-1.2678770033895608,0.09109730567857195,0.275065464727872,0.6965316901380508,-0.21606343680675544,-0.0017249692249298658
40,-0.6329695900566951,-0.31131849984814053,0.23101047281776638,-0.4414352140874071,-0.5796338901564674,-0.5724170667071271
41,1.1859877983237495,2.2860630198775675,0.021461702917704092,0.7138355234155723,0.7819232072897643,0.9277393730384165
42,0.387506070658174,0.30052442727376494,-0.6728174714843309,-0.038810624582680454,0.34430017817720515,0.08186238496610651
43,0.4925873230837359,0.269181398984317,1.230672150929462,-0.3346665552980075,0.3901022163772986,-0.21143685407942223
44,-1.061337799679422,-0.2346862307980325,-0.9368131810451167,0.009617579775892879,0.6622436070320827,-0.5625488022500721
45,0.17229463517849128,-1.036517738085156,-1.806453178788777,-0.8819012719329699,0.7472879341424126,-0.6631690512573951
46,0.2802704695660891,0.062299051208505526,0.08335191029577271,-0.05003296533392035,0.1006590395486272,0.07758163097788633
47,0.7841777419762141,1.4619603097356566,-0.11982763775572164,-1.561071310787734,-1.60576600456714,-0.6829957013080992
48,1.4056866338931977,-0.1669968957810974,1.1647411231528546,-1.0100462506403316,-0.0715932900620197,-0.25365860657376244
49,0.7231462185593472,0.2750235439827867,-0.2505486675904206,0.8601875113955957,-0.10026106771694644,1.0974374732451244
50,-1.9726000175830531,0.27101173999793,0.9203420877256253,-0.08516012517456292,-0.3575343138947674,-1.0241492638851
51,-1.9812842987740806,0.28492690117615455,0.9505750642719932,-0.09524475775501791,-0.34826056440275305,-1.0241492638851
52,1.802714427810938,-0.4189147936118549,0.6408675479936482,1.085949768062627,0.5278945415841034,1.6841711330410727
53,0.4255284405474097,-0.49749036764159393,0.10737099791965259,-0.3472079770167152,0.376072721665632,-0.13091361853258557
54,-0.7510363021148962,-1.0257111415539557,0.3183153517141094,0.5320122349443166,0.22988854950340187,0.07875320575360975
55,-0.4952087847092989,-0.8529947659705316,-0.9787387674062733,0.4438427875975577,0.766895661961174,0.07388666437752785
56,0.5979537270950129,0.2594614796106959,-0.7328117993048425,0.3019059105676368,0.29406035753354653,0.5292237070192651
57,-0.48034317744931904,-2.1748107527622884,-0.13940482869908508,-0.4430210273904039,1.120109327984589,-0.7402676836136557
58,-0.3636087924814616,-0.38180910979676624,-0.15621164746608318,1.6800966538595103,-0.1199164850615149,1.3013365447892966
59,-0.31810981213741607,-0.11123384271373409,1.3960044645146832,-0.5850687627713529,-0.30296608273489695,-0.6936299954262041
60,1.131922205004403,0.9491133938079881,1.3264758131873882,0.030890373842602212,0.8331711393877923,0.2854910931004965
61,-2.0935980465532746,1.4139936040532863,-0.5154046228750288,-0.012200529318157629,-0.1045259717200727,-1.0241492638851
62,-1.3489515102775378,-0.017959317754814713,0.19202975804573552,0.37629687135723366,-0.049472483150400974,-0.3371558396282047
63,-0.8099051100634015,-0.016648391314328014,-1.7315582915068124,0.2512923546028093,0.8769120785516729,-0.2472149453072836
64,2.739549005416627,-1.2760304219759742,-0.6936107326668106,4.487087610626742,-1.183989109166743,5.471647080113407
65,-1.0073817539452234,0.055788806406029866,-0.22308860661401722,0.8258032822778104,0.032095498301716006,0.23236468307826907
66,-0.5352769032994256,-1.8403894545409458,1.0978755487893428,0.5564925805958939,0.16336528052563604,0.2146558797375266
67,0.1721792201601269,0.5818465575594887,1.0240061225670847,-0.7831243390506452,0.5227427339166956,-0.7633386945817476
68,-1.879537805550943,-0.2463380701321995,1.464112099402327,-0.16107759430627114,-0.3739438271084405,-1.0241492638851
69,-1.7008207333155487,0.5813044995340532,0.213438282844615,0.3232305032677318,-0.23814840478626847,-0.5315020706934014
70,-1.1947636981742475,0.3376019068745463,-0.9475689844184528,0.33549219166477867,0.3732062731820153,-0.3156168879822126
71,0.593198747502828,2.3367516309467975,0.09358614434428812,-0.3307932535406502,1.0284414467997913,-0.3034955951103049
72,-0.14914346285142788,-1.2307538627849106,-0.5180189883230936,-0.9213509850259686,0.22683875438206572,-0.8243056434876626
73,-0.22967811835434096,0.09939786146064386,-1.8259544695337038,-0.47168699896157934,0.2237054374603322,-0.46557845927481045
74,-0.0002072606822185362,-1.5024529536413758,-0.2579824245393644,-0.7780728322371242,0.18276311545566815,-0.612791335901288
75,-0.14591376001251652,-0.39046026540349654,1.1624041755143535,-0.7019079985651532,-0.04628264404647197,-0.6893041808696868
76,-0.5355142339210756,-0.04417199854549955,-0.024183608377568323,-0.1584571811283916,-0.6233259542146629,-0.2600572072719442
77,-0.384528667860452,-0.37768470995543013,-0.7674336252168644,-0.6676796771809991,-0.012150467683546709,-0.6802019460736818
78,-1.9187635558071456,0.022722779364751113,1.2109620726814703,-0.09136409746011569,-0.39090622576840983,-1.0241492638851
79,-1.5715157566115618,-0.6601070516717448,1.1203625123531604,-0.19355445298945673,-0.06713097869828791,-0.9348392175203376
80,1.369917869766459,0.743960103808362,-0.8522383120864798,2.235147140630596,-0.3769674948342192,2.6486925974395277
81,1.2748253466405035,-0.6773142870190249,0.2257930095839715,-0.7121730904500796,-0.36944616736080743,0.11047584583473623
82,-0.7043583286774118,0.03520137043301995,-0.7225529502249973,1.0989893572319114,0.157388942847008,0.5755910317969344
83,-1.879862666519611,-0.2535679173492241,1.4657463181939843,-0.1532965704139481,-0.37508367586865576,-1.0241492638851
84,0.4550364320057129,-2.3373357148767187,0.4817076980107387,-0.3336921557501366,0.02291682690728874,0.017110348323238978
85,0.5074091096303125,0.4609649480544233,0.9173635412114175,-0.3368731785776721,0.48039045406818603,-0.19728783563414706
86,-0.1654105613092647,-0.14192725165024786,-1.5516549469939267,-0.472913472463839,0.2011436806085531,-0.44354384137755076
87,0.7676731693623587,0.0006480270266378083,-0.4533289886211754,0.5120451164322125,0.19723370245987007,0.764935539781158
88,-0.5904641435403352,0.8390849446031353,-1.0521789252120906,1.9616406023697637,-0.21230701731253035,1.4569306871190264
89,0.624311211777359,-1.7778223602698067,0.9083944213875486,0.8545592595850098,-0.7267968932495663,1.195444209291218
90,1.5679722282755717,1.5843801465074276,-0.47453398788477963,-1.7773712905396621,-0.5725978094641143,-0.6748847990146294
91,-1.9694743719343808,0.2919701886274399,0.9533764457204733,-0.06233819113065261,-0.3774946700354571,-1.0241492638851
92,-1.8752536122361465,-0.254413699655565,1.4489315276623,-0.15297411806479014,-0.38610415590523883,-1.0241492638851
93,-1.0487259714485633,0.5878111574071785,-1.2329723924972769,0.6998450090436964,0.295961013306805,0.08136671871483891
94,-2.0360261985910277,1.1470746195445527,-0.2666780116894559,-0.047777879148083784,-0.12328473264193536,-1.0241492638851
95,-0.6841286371449314,-0.5169942058704844,-0.23138874764177783,0.8807097871066236,0.1821963816364388,0.41373347047391407
96,-1.9805630142085482,0.8904939524687217,-0.012523509788432544,-0.05107413616117818,-0.14546158476506452,-1.0241492638851
97,-0.9019742898625129,-0.48506761616123134,-0.18667290583074825,0.4904382299228457,0.2735776557998401,-0.03277170078160052
98,0.17746812391409741,-0.9943548788255854,-1.29543210198873,-0.5498080649642312,0.4106164146067827,-0.361263243667129
99,2.899274760396939,2.2311459665821327,0.049379206036323196,0.156602828818852,-0.7591224231909847,1.5530448792966438
100,0.6783416833503808,-2.1089937261760197,-0.3211070217595319,-0.13196478395484676,0.23475689038915876,0.27661416114597676
101,0.8836938200096541,-0.6015741333647655,1.016070037490789,-0.6470264235555148,0.9128503815095063,-0.3243586382318412
102,0.5538537166838693,0.2634855664369764,1.223587524686847,-0.22683052628133507,0.3652474621431158,-0.08441111205002516
103,0.173823975139109,0.07251996913153957,-1.853375636883231,0.22609954795699028,0.07410319108519138,0.3745307760554765
104,0.237250785034018,0.5707771375247438,1.0111644104016915,-0.6701676005459629,0.48926347199936654,-0.6271656571880485
105,0.8890837323640689,-0.858014306208413,-0.8942914639812654,-0.6960897065819737,-0.6341919470980141,0.021526284016350334
106,2.7147147738656545,-0.8927861416604348,0.2896013658412851,-0.0268725786692948,-1.3732842293656278,1.5768819199257857
107,0.34623755770856474,-2.3888443296083435,-0.5104581474063788,-1.1736590798812139,0.7086947794210595,-0.8441773541066637
108,2.869801271327247,-0.8529754102690508,-0.6884152705045404,1.3606938201756944,-2.1601195888173375,3.042476903787488
109,-1.0798813321985072,-0.9993240965048935,0.3541351991276476,-0.04709365653176802,0.36642629776224206,-0.6027878897393419
110,-1.743316691763576,0.944067237891387,-0.44749308069089216,0.21365412646626547,-0.03827883706872979,-0.6619524159133746
111,0.17717440903448903,-2.602988311139772,0.2828114863508764,-1.2665973383420084,0.4698917615611374,-0.9773313334244602
112,0.46873553850362404,-2.6595324786991226,-0.24492533139764588,-1.0819391812459886,0.6780828904786353,-0.6864203044986753
113,-0.6038467957528098,-0.1801907169306928,-0.9325632901359849,0.9612128230160322,0.36432324780587116,0.5115149036785226
114,0.7250982528392693,1.5451835905939841,0.8649017378298544,-0.4446636881734618,0.9802404219026126,-0.3537831893298179
115,1.4320149378692475,0.29874872068356123,1.8282885099425055,-1.991454660101521,-1.1046965068294337,-0.8923471016162151
116,4.242703920314215,1.7605358232991528,0.6230856804065029,0.9627640361999144,-0.245958931969759,2.7760337634470043
117,-0.24488434061416592,0.11245484138131738,-1.8133816017291688,-0.49789615226373934,0.2340859992875102,-0.4863513812597527
118,3.3176846728158997,-1.1950316891382795,0.5030585018316462,0.9133573131811348,-1.6009208158912094,2.729170772418067
119,1.0546994210169924,0.2169227920299318,1.1656715219337146,0.6547165786101931,0.16206271176115708,0.9540096843555993
120,2.022861517274046,0.3234095165178496,-0.9085347261611616,1.0819532700960586,-0.7178298352263182,2.082010890535768
121,0.7033212792923376,1.800942199197558,0.6094371188831906,-0.37723538094679016,1.0091168695245694,-0.28416461131086845
122,1.2067848736217885,-0.38862669564252983,-0.013016193850783779,-0.7152831262620803,-0.3383258250967825,0.06969603152590176
123,3.6061378424170396,1.963582113891196,1.3429567711197088,-1.2548667456465594,0.8203368919353018,0.3581287291953486
124,-1.9249892600342329,0.021989736993318718,1.1996094995827837,-0.12854777623957064,-0.36560480081670854,-1.0241492638851
125,-0.5971748141944816,-1.625094383466008,-0.16148468230320573,-0.10097414778131426,0.8462767620952885,-0.44633759661196815
126,-1.8014295557904743,0.5936506384339207,0.22963571568309585,0.14071013350543435,-0.19365728587235712,-0.7377442917890206
127,0.2737095076412479,0.5387875742218601,-1.6628303227823287,-0.884299876095305,-0.7258139358670089,-0.40181775513447815
128,0.5113882940132888,1.5493937051388036,0.8864535297047818,-0.8260449528429339,1.0759261384819379,-0.776856865070864
129,-2.040901239489137,1.1506945655999292,-0.29055012978086553,-0.029614919375359715,-0.12945173012669384,-1.0241492638851
130,0.7542824788499607,-1.3259465703991102,0.8532350133638515,-0.1336858555619934,0.26035018227121054,0.22173038896016417
131,-0.20103483227780833,1.174909666253719,-0.906396509931444,-0.41478283957472933,0.2602031640466438,-0.4859458361450792
132,-1.876072331394564,0.602925424363984,0.24700714800018314,0.006942874966461411,-0.15029273298820583,-0.8993765502705556
133,-0.26540412818112064,0.15092032825239496,-1.2939506208223397,-0.19169593642250846,-0.10758341861554489,-0.23293074515711729
134,0.42240281762220805,-2.6262093749890285,0.253260851334024,-0.847094310178307,0.3473309807521037,-0.4743202095244391
135,-1.283650453458804,-0.21929972856449598,0.5184875017737838,0.4661225245909129,-0.13882332031006298,-0.20657031270334034
136,0.03344634309351762,-2.479793287588893,0.5542783731567331,0.6485101000061289,0.5898605643965836,0.5438233311475108
137,0.9444666556575173,0.19419111994883326,2.1718972298657944,-0.636581566321426,0.9120093262358404,-0.42506900837575834
138,-2.088420633991033,1.4187489211553264,-0.5254993070375908,-0.011073271319198549,-0.10255977319076774,-1.0241492638851
139,-0.35125776845326867,0.515135258684774,-1.3108091365838412,1.956288205825601,0.009333460496192998,1.5311454431042752
140,2.0177438822983214,-1.2436255440242872,-0.30877771780778557,1.4212853716827638,-1.370417943375722,2.53820408397515
141,2.6961020241387885,-1.6012429754422937,0.14030116874711604,0.7040521324095602,-2.0718202279328226,2.3608456871579424
142,0.9660435736794526,-0.07773544754712335,2.4259014904075675,-0.7378849438268122,0.9558567861866767,-0.471796817699804
143,-0.6817561790764152,1.2410254598721828,0.10715764026522177,-0.6586350314969492,-0.16946186807764152,-0.9050091213076875
144,2.182206689501427,-1.3588210852066958,0.8931986673363087,-1.2020036701884969,-1.1375959332958088,0.27647897944108557
145,-2.088384504458343,1.4162624589358686,-0.518790765140415,-0.011902770481887192,-0.0856441550144455,-1.0241492638851
146,0.43729176141506804,-2.926624257820776,0.003648840416062129,-1.2623343399786928,0.7025205112591438,-0.8611201277863563
147,1.2548726545783386,-1.2460783821324197,-0.45919404592245827,-2.0561503577910223,-1.1690605766602924,-0.8262883084927329
148,0.32042773895461235,0.05763988914364818,-1.8784779346699796,0.49965470312507454,0.00947516727721942,0.6886029370859474
149,0.5144659837343908,0.3426252712966147,0.30145498801655785,0.835758879392389,-0.3613852788138857,0.9714931848548566
150,-1.8445147975896983,1.0549332047109095,-0.36101343628201005,0.1735189006832097,-0.10753977068292009,-0.7624374832158065
151,0.6860883139135769,-0.4856225665671757,-1.386669582017823,0.9075414034515784,-0.13713423713671036,1.216757858095725
152,-0.5047594332585811,-0.1612475374595514,-1.0735411003575774,-0.8372499064317609,0.08931330329513097,-0.8976642486752675
153,1.9752393479287829,-0.1261862183441168,-0.6125540428123668,2.619598478568122,-0.2647791075957631,3.282965156788869
154,-0.009005698887719755,-0.7049065442683045,-1.0469710205076952,-0.4436791533717594,0.1531078819880447,-0.3124175876331217
155,0.8867670853552277,-2.2286645659302575,-0.10464797593760507,-1.6344547141478234,-0.2516649358238122,-0.8156990749429252
156,0.6729449910866999,0.2148394920737116,-0.21461083786888693,-1.513503666153744,-1.9413676148169996,-0.5667394351016982
157,-0.14547052190839047,-1.231095329865613,-0.5184437140538499,-0.9148861787457914,0.22534870348970068,-0.8166904074454603
158,2.7097095034088716,2.0080677506392925,1.2762154397164316,0.8360640835426421,1.9557653469515484,1.4847330577583089
159,0.6606846403584364,-0.7794976023935098,1.2818468481320031,0.5582853324810416,-0.3399424142061452,0.8187378583278413
160,2.3677650789390663,-1.0958810853395329,0.6114525780357387,-0.7518895825101348,-1.229022004356827,0.7463255250744745
161,1.5360477228174265,-1.6141899142470817,0.06117923419119229,2.2524852911352355,-0.7740065181814698,2.8845846724746087
162,-1.539672606353113,-0.6657311271840929,1.113386136305617,-0.13443083519558743,-0.08264257468524927,-0.8700871808774701
163,2.5371450778815414,0.9375729714630632,1.3988551710307082,-1.0872125623664117,-0.5569280784986315,0.2989642030213158
164,0.8930407037372958,0.24657514835907673,1.2044470409569805,0.3698440261696871,0.23836573773811487,0.6284470784093795
165,3.5272413379289733,1.5856610412010337,-0.02882658847017901,0.6344441827981276,-0.6138581802452223,2.3006447679130777
166,0.04106687701861444,-0.7465725710031897,-1.56365346147534,-0.6879208936239615,0.4788845569880022,-0.5283027703443105
167,-0.34155253171556227,0.4180031774771551,0.8351474884592972,-0.39376870240587336,-0.294043219819749,-0.5115852995061033
168,-0.28503303304023686,0.10454411385442738,-1.8195534255323056,-0.5691181326634116,0.24616200327603432,-0.5803477267274086
169,-0.9038154486887646,-1.5167834566714153,1.366644292618371,0.3508602607424305,-0.03029647903425238,-0.13244567785468542
170,0.20674643628410605,0.8410074778405663,-1.185764669115213,-0.14140138669262242,0.4487492731456166,-0.06895533712413542
171,0.5547195465715219,-2.063086449840433,0.6831514533831149,0.2758587430372896,-0.34787081929878294,0.6373690709321963
172,-0.036586296318937214,-1.241218111370464,-0.5310346957762707,-0.7232371878364164,0.18117618886988615,-0.5909369602772165
173,0.2097487320280177,-1.5633156595307218,-1.2882967243744334,-1.0457300934375773,0.7376252519154712,-0.7978550898972915
174,-0.4084955789472267,0.7451849792396957,-0.8520181973360561,0.44011352814784616,-0.7043009980425791,0.3274424821850544
175,-0.45126118327269177,0.41625857568298286,0.8657065354298654,-0.6149501582034717,-0.2551142423607173,-0.7490544944315813
176,1.2142199066385861,-0.6270659298610524,0.9683531983612331,-0.07324739032435033,0.7828280483305023,0.35019806917506696
177,2.111090738655514,-0.9774625018515541,1.1348046326051755,1.3861743527032198,0.443073759640419,2.1044961141159986
178,1.435187029493469,-1.2756196284002752,-0.49009915609476734,-1.7265136433849704,-1.236708591683344,-0.4554398314079732
179,0.5049627530379296,-1.040459635544997,-1.3364632695652445,0.021394137756569516,0.286744454726506,0.3377613523250799
180,-1.2072974562965668,-0.6984747895143574,1.0672921141686558,0.44841995354476966,-0.2120658522781895,-0.1776864884249283
181,-1.9253599405519137,0.017948346796048075,1.2047745489676045,-0.12397290524821017,-0.3427903034300789,-1.0241492638851
182,-0.2929858546054209,-1.0957110559388044,0.253622962916117,1.2845396207360367,0.09801087051847521,0.9797843294215146
183,-2.039534731199707,1.1411365870756809,-0.27328313947216953,-0.046079176632861735,-0.12760562685664384,-1.0241492638851
184,1.860602064421831,-0.940853699296849,1.1556063034880604,0.9529008929864821,0.5142948351293988,1.5718801968448126
185,0.18646302157382783,-0.9886576733993803,-0.8080218783633939,-0.2103431879218735,0.0912885521769962,-0.013125293004084694
186,0.22833445737781696,-1.2776290101138688,-1.043333762401686,-0.5833948939603785,0.4071818020708557,-0.34477107567040693
187,0.15930911408730514,1.1072682006849177,0.49717475428045044,-0.5683231299126801,0.5133938068278537,-0.577328668651506
188,-0.844468974854182,-1.8035031565454198,1.137796451203923,0.02439803030778781,0.264356332764121,-0.45088871400997066
189,0.29407308459043674,1.8960834300829905,-0.29367444160280176,0.04294285965163975,0.4089779383399593,0.0013391494192698506
190,-0.7931964225652733,-0.22564743617986172,-0.4584780215326423,0.8093307037083302,0.22006954035322834,0.30869728577347966
191,1.9851877163292682,2.5594109626494475,-0.14176448380238194,-1.3513349869544529,-0.3767611952132548,-0.2305425350373734
192,-1.4747692178219887,0.30647173196964367,0.4710018438442127,0.6159988758489638,-0.35137361652903487,-0.18615787526477456
193,-1.5200278185820997,0.29714968239219164,0.45863289828052967,0.5163809813277207,-0.3017807491993165,-0.2642027795552732
194,1.3715152482210193,1.659193861716359,0.9953506701746339,-0.6416030273017984,1.7695820558853692,-0.3531523413736591
195,-1.4836174059702492,-0.1533785863686529,0.5634625559437345,0.19852042880879867,-0.12138017632435368,-0.5541675365468199
196,-1.9277324452884015,0.015895011012239297,1.1921438317867583,-0.12717240065114735,-0.3654127090857836,-1.0241492638851
197,-1.7606351878170647,0.597581116458378,0.2406087163316382,0.23112416708073424,-0.2425635362079808,-0.6737132242389059
198,0.3678622660154907,1.3550565197279298,0.6824032105662825,0.19731843563134285,0.12820958096343557,0.2291653827291782
199,1.8243803146326003,2.406494010146245,-0.07802377588999072,0.10366634349151725,0.11051817824347375,0.8526234056872264
200,1.0416784811092805,-2.215559670000796,0.3788913281082037,-1.0431927736641324,-0.6287258963106971,-0.1729100681854405
201,0.8125687418431942,-0.5386703148469608,0.04779518448461807,0.3362837154331771,0.2184241812579602,0.664315290773835
202,-2.070899184994462,1.0055444954437038,0.06877924137558274,-0.02316350958456227,-0.24382146529845763,-1.0241492638851
203,-1.9911839558784914,0.8757895794007426,-0.028437838168842235,-0.06720290544758978,-0.13367009310287606,-1.0241492638851
204,0.5206058260006899,-1.320220314203497,-1.0922063392912076,-0.08044193904909377,0.29866555543117473,0.2556609968878463
205,1.4717726856309543,-1.4741646920919715,1.0053755397793829,-0.7131208147630372,-0.4326789052658544,0.20613943232938325
206,0.9130373025187282,1.4424347288212662,-0.15159162201007464,-1.3318742299418798,-1.6310633981854,-0.4151556833504063
207,-0.0601826807272379,0.3963741496905078,-1.5811313377560363,0.2878007317729849,-0.19799931441211985,0.2977025071089983
208,-0.48172673245918496,0.8352324075567771,0.25967313797893854,-0.5903728669477821,-0.11601069651714843,-0.7564894882005954
209,1.4443222562095497,-1.2938738480628842,-0.9721812843219326,-2.0521175068665216,-0.9188590203970973,-0.7449990432848463
210,-1.6719083066452989,1.0388862724331596,-0.3809730324575525,0.4773265425599079,-0.17756334575488886,-0.40456644980059847
211,-1.5941515915040787,0.3255041172022053,0.4696925458648766,0.39248946391335554,-0.28790030186163273,-0.4332700318058223
212,1.4781299177196858,-1.608434757734004,0.06017023031392259,2.1486786984657504,-0.748766236513167,2.7663457412631374
213,-0.1311682722718873,-1.6534856807865705,0.2639906486815965,1.0553006755698715,0.3136034581637753,0.8264432155066376
214,-1.8620744552397708,0.5977822246630191,0.23405715996478804,0.024762610825662463,-0.1661867310566388,-0.8709433316751142
215,2.6679079612541243,2.6934572225626487,0.0012811321194206788,-1.472330818938084,0.3943872807121694,-0.15529138598129213
216,-1.8140345473340045,0.6005373329336351,0.2101151068752977,0.1331312670732815,-0.20716581053183497,-0.7640596636745005
217,2.174411032867365,1.3152546499565565,1.1624292046300897,0.6591743563799811,1.456638696967376,1.203419929879797
218,1.4572695389202972,-0.258270294529042,-2.5176087360472343,-1.868655134023925,-0.6104305448985988,-0.6120253062402381
219,1.560579434300817,1.5502233713136513,0.680983720153949,-0.852629046178547,0.3579869941150434,-0.13920476309924362
220,-0.21525845357394208,-2.1609213146142165,0.8189119187054482,0.6744249088775459,0.36473948383696114,0.45108868159217236
221,2.1080978632380285,1.7926802186426183,-0.8061980727892185,-0.7053735100256505,-0.7988498208567956,0.54643684410874
222,1.3910630251793028,1.6233025566117079,0.5108079012495729,-1.481022934586335,-1.1219722730144146,-0.4615680686963726
223,0.5699082425192694,2.088677163898402,0.35594806649893335,-0.48125051892966325,1.0288764677336713,-0.4652630352967311
224,-2.040901239489137,1.1506945655999292,-0.29055012978086553,-0.029614919375359715,-0.12945173012669384,-1.0241492638851
225,2.4081692955514473,0.9754473627558293,2.3675801731526813,-0.16290492893471525,2.109934221178889,0.4426172947523261
226,-1.0011249075866957,-0.3507528248643724,-1.5029034565201658,-0.34591530087769534,1.0612533807013036,-0.8781530226026428
227,-0.39705996091228923,-0.13608298441796035,-1.542010336428823,-0.8780782173088029,0.3026027318882083,-0.9018098209585966
228,1.8660090526989592,0.5763698752071634,0.3060644540119196,0.14140190859801133,-0.25842892776429044,1.0319194069412068
229,-1.1049849930582374,1.0579763351373024,-0.547411289126188,-0.3830989838563197,-0.7267937236604538,-0.7472971322679962
230,-2.0409663117225216,1.1455884059339074,-0.27220203283977557,-0.03741257282597677,-0.11824060313785922,-1.0241492638851
231,-1.766488398711357,0.06448443540622038,0.7585372145283452,-0.030754254748272127,-0.206387545175317,-0.8736920263412344
232,-1.8772960102730374,-0.25408633985859386,1.4559288629019345,-0.15399285761657094,-0.37982621062058874,-1.0241492638851
233,-1.62566451266713,0.31849197994804684,0.45178231502794813,0.34640170972984285,-0.2764234156863244,-0.4786460240809563
234,-1.9834921331077782,0.8615836243496847,-0.030466345499402164,-0.06016770939662908,-0.1406228326779919,-1.0241492638851
235,-1.9291199911181005,0.22992151907420844,0.9025045736227478,-0.08007684919078295,-0.3270155803160523,-1.0241492638851
236,1.6494004201451364,0.6580452150392093,-0.38555471142316305,1.3042410067728698,0.5419680834434627,1.764424005178127
237,1.1238546908350935,-0.10022408847208343,0.44796395785637,0.004412861033317712,0.8078883600058541,0.3751616240116353
238,-0.8143784070732736,-0.7592891510886728,0.07050385952629218,0.5317667521784532,0.2509337229023501,0.05608773990019125
239,0.7270284251898347,-1.5748371563556869,1.1169546403019068,-0.2825741403996554,0.2717303342684435,0.05022986602157415
240,-0.0695176862094914,1.0691678581384656,0.9505735826052626,-0.7771208888755324,0.38056201008963875,-0.8641391858622589
241,-1.3495016728441445,0.2890844762076061,-0.5068690007626814,0.25746890429868946,0.21460518754421942,-0.45061835060018834
242,-0.7805245158757572,-1.2298503936461755,-0.7781108472193031,-0.38524541687337,1.0643710681815923,-0.8210162220019775
243,-0.8586801752426398,-0.8527448436568745,-0.017062743268519795,0.32204510916435314,0.3604452902731248,-0.17881300263235467
244,-0.7475999876237234,0.2981182367353425,-0.995414319192183,1.1241391073112947,0.19451928121961948,0.6087105494952695
245,2.430554486631598,-0.31806161745702305,-0.20771136836492293,-0.2771455442678508,-1.277284930678088,1.2118913167196432
246,3.9420868931225668,-0.15728724580166825,0.09840016846669854,3.2336631392464654,-0.7655977110427398,4.797495917821173
247,-0.5204035557822809,-1.2838605012731514,1.0469761292918713,1.1430750483147543,-0.18145710679663796,0.7648904792128609
248,0.5193078775210918,-1.041019331575493,0.6158757477402069,-0.41589312534903305,0.35604838064262134,-0.15448029575194513
249,0.552846341643128,-2.332899271223166,0.48799979850360115,-0.14157780214328983,-0.04799523011318913,0.20411170675601578
250,1.0590961841304662,-0.3544363742949475,0.7182229017864082,-0.2357116865111671,0.8453131612328192,0.13305119055156062
251,0.19817876512502522,-1.249378922935777,-0.06036248945053628,-0.03253210212753685,-0.18098141065083662,0.17437173167995973
252,1.5070856940296096,1.6198937109873597,0.028560413013455358,-1.5602913586821836,-0.8739951972479628,-0.4918938311602904
253,0.48195869605883485,-1.3867795378307337,-0.6866809765637238,0.025245206094482532,0.09955367280495116,0.33073190367073935
254,0.5073136410933144,0.22875613021918553,1.1794910925851703,-0.3841969466487797,0.44602034597569923,-0.2506846090661568
255,-0.17295499956409802,-0.9242774629839271,-0.27418412518593366,-0.5316888971271684,-0.10325476771638509,-0.4523306521954764
256,0.8187884262378043,-0.79971103532866,0.2944406382852799,0.24316153554366604,0.2117145213227894,0.5758613952067166
257,-0.5243526727617651,-0.33336684186263726,-0.2635547206985846,-0.5723233146499835,-0.28823390822630446,-0.6464966409874849
258,1.4349298637913535,-0.7272890951744834,-1.0202414300694376,-1.4770838608300014,-1.2558840551671857,-0.23180423094969094
259,0.0950551531685471,-0.9866930849201172,-1.2859021613317605,-0.6948645467064167,0.4440499825585467,-0.5321329186495602
260,0.48183013984053047,1.2744090278423188,-0.8108361520811105,-0.531574113286635,1.0200022566557143,-0.43957851136740994
261,0.07977301128028405,-2.0456345710234034,0.24585886293408385,-0.8732798247962303,0.1554540883505148,-0.6651066556941685
262,1.8632662174635637,1.5668430136458875,-0.033950331775410805,-0.92446663863452,-1.0225751228480966,0.2401601613936595
263,1.1427761006264858,-0.17790723323276028,0.35740176762401693,-0.07948020060505057,0.882989831477201,0.2934668136890752
264,-1.8682492664293537,-0.2385727504084113,1.4534561773585866,-0.1341183645980413,-0.3891961774477424,-1.0241492638851
265,-1.9793856092565691,0.2851685584037028,0.9388322304955714,-0.0983942973442319,-0.34111719081255926,-1.0241492638851
266,0.1258285843148115,-0.9766707861371886,-0.8027016631632785,-0.3236061424948825,0.10635191336877409,-0.13708691638928205
267,-1.8680527396799107,-0.2465246298979389,1.4685476996424645,-0.12039000378958321,-0.40431778150135955,-1.0241492638851
268,2.0132082880070397,1.594897754722426,0.6843182495522544,0.07998269238977801,0.05372976373210692,0.9276492519018223
269,1.3577877277526564,0.3581009646826252,0.6296929975174083,-0.8751217856714104,-0.04574172592333394,-0.1235236853318686
270,2.8951898987387006,2.9687595462493497,0.4112353780817765,-0.19846032711922215,1.4165399327424149,0.789628731207944
271,-2.0342029492350124,1.1308310336123732,-0.2880519724603999,-0.031141803067166202,-0.12721127694503925,-1.0241492638851
272,-1.8184266741839024,0.5885993007226797,0.23359469776836592,0.1253854726832284,-0.19298503764861866,-0.776090835409814
273,-2.0906866554549515,1.4157289886494138,-0.534406291562334,-0.016797910707513096,-0.11323204600887171,-1.0241492638851
274,-0.2523761281979678,-1.3950234040736842,1.2549508695322829,-0.2502304845436959,-0.7079477690193061,-0.19282683937273865
275,0.42870043540547764,1.5977854085327237,-0.07918841850457499,0.14429945213097067,0.38021517765940066,0.18180672544897375
276,-0.48227629956228685,-1.1038405097311519,-0.6947220886443344,0.3434409405052733,0.7813342130358701,-0.0021755749079004124
277,0.0953882357543508,0.6062735232170577,-0.4224151907635636,-0.12409633161711663,0.15284571312387887,-0.08508702057448098
278,-0.12308900927075318,-0.6944516645597854,-1.0390482009923938,-0.638816517240461,0.20903770992300005,-0.5461467553899442
279,-0.1947447954311418,1.4432455515729787,-0.23235468473484275,0.3244449806473092,-0.37728673945492125,0.19947046822141917
280,-1.9834921331077782,0.8615836243496847,-0.030466345499402164,-0.06016770939662908,-0.1406228326779919,-1.0241492638851
281,0.2270723314033047,-1.8347090462392694,-0.0570810203852376,-0.5930865506210918,0.17893883475859892,-0.3346775083718667
282,0.16114962427512755,-2.31773292733267,0.49989840701876526,-0.8483303366799628,0.12960193019669355,-0.6015261938270243
283,0.6177465629069222,1.2892798541181352,-0.32510033745138983,0.02625445033980969,0.6506472398370362,0.16382755869844892
284,0.7357241084667778,1.7901810022646611,0.6011801784082141,-0.32404043672464067,0.9865109944653982,-0.217024364548257
285,-1.9303519634588027,0.012679965078344261,1.2022876645681768,-0.1304867846840283,-0.358776463354898,-1.0241492638851
286,-0.05945635961309805,0.8883024786468471,-0.4287740806782177,-0.41671640904259155,-1.5432566634080713,-0.0828790527279253
287,0.31107954292392137,0.548392329912776,1.4595855226892074,-0.25468958086102683,0.16291104516323346,-0.211256611806234
288,2.2619497622509797,2.1067893345839264,0.37755721647836954,1.188457491428214,1.371249907963807,1.6903894914660664
289,-1.879537805550943,-0.2463380701321995,1.464112099402327,-0.16107759430627114,-0.3739438271084405,-1.0241492638851
290,-1.9776153803449659,0.28851420776633036,0.9406684757850006,-0.10158780061416818,-0.3524081673925728,-1.0241492638851
291,1.0343165346476069,0.20747859510072297,0.6925354624302371,0.29358540200231076,0.5054782388886196,0.6097018819978047
292,2.5423465830456653,1.445447221884894,-0.16350335775779612,0.14158168533487614,-1.2014418769071284,1.5165458189760295
293,-1.0433123745732398,0.05381979278859755,-0.697761878311663,0.4874309572995499,0.3191860930046894,-0.10680621449366132
294,1.709213651548162,-0.887920692893069,0.2130458738274309,1.800796137890206,-0.14185821854920153,2.417396700370746
295,-1.9805630142085482,0.8904939524687217,-0.012523509788432544,-0.05107413616117818,-0.14546158476506452,-1.0241492638851
296,-0.5665610271163891,-1.429331182328693,-1.4325422106157357,-0.5694164677264507,1.4643439677295875,-0.9107318134814134
297,0.600610182971488,-0.2550376462212087,1.7671425635032578,-0.3859810872752552,0.37312516484206637,-0.19548541290226487
298,-1.7516167621413725,0.6046762974732425,0.2244516099658621,0.23361520191011423,-0.2311802846890537,-0.6546075432809547
299,-1.5274320479554508,0.9110228796800434,-0.9566435584568064,0.3133640118058172,0.16141566048238876,-0.49581410060213416
300,-0.9273683511310844,-0.18873007026677405,0.047602219793834985,0.8956171510137493,-0.049107918938196174,0.3396088356252591
301,-1.314769366888784,0.6158411164128654,-1.1910991626271055,0.2304128210094755,0.4125797849089462,-0.46945366814835715
302,-0.21717317982549894,0.40249798024474054,-1.5863191134740224,-0.018103660801388068,-0.1211210730472427,-0.018307258358245978
303,-1.7249907980724222,0.4116518155542526,0.07959550856305474,0.008952027353794755,-0.03244427704203986,-0.8303888202077649
304,-0.9453964713750085,-1.0050963886361046,0.34947077892301526,0.1865921424636577,0.3032974923602106,-0.3222858520901767
305,0.43954538355430184,-0.7836942571439319,0.3415676685452162,-0.4376673003574593,0.37052493750218163,-0.22432417661237986
306,0.797145328450734,1.5305518876204172,0.8716847200789378,-0.3044699453397733,0.9359702483214292,-0.20481295053975518
307,1.9810105999071086,1.517106276905691,-1.0259557677188158,-1.3728489709046399,-0.4179364080177336,-0.13014758887153563
308,0.7462192609824818,0.26035773269528223,1.2201233036811787,0.10516295132285876,0.2899107317256833,0.3203679729624168
309,0.344091211896954,-0.8816118599330269,-1.1979428061349022,-0.04538984788564172,0.18255011656605707,0.2046073730072834
310,1.7884714285677374,-1.1667400885817658,0.4687313153292079,1.8316191816855707,-0.16210976574599148,2.478273528140067
311,-1.9913233681818305,0.8763833896397301,-0.015326881128435691,-0.06573580420512194,-0.1264181529474178,-1.0241492638851
312,-0.4956201414164747,-1.1708388256315,-1.697219326172591,-0.33322217093287276,1.4412774348686361,-0.6501014864512493
313,0.11323102336951406,1.0084063053913475,0.8862565743929465,-0.49951102721794655,0.3291282204665885,-0.5366840360475628
314,-1.1631582917640204,-0.4408095941792286,0.8095544336795064,0.6575846458192031,-0.2367829959719606,0.01607395525240672
315,0.14071516685108482,1.6245930574560699,-0.050708003398409945,-0.40303391960711754,0.5268206359545904,-0.46319024915506657
316,-1.6310908065277916,0.31072208698481174,0.48003635965155117,0.3279380696675295,-0.27243429590523854,-0.4871174109208026
317,-0.5252119530801098,-1.0229157589240117,0.7959646528075324,1.2538125249413508,-0.1982115572705102,0.8628070941223607
318,1.3610416849011708,1.9883026103588464,-0.4583308707148645,0.16980661272213235,-0.42281748491752813,0.8085091093244099
319,0.29720575717568093,1.0743602253179578,-0.0039282770901476124,-0.6524170396718693,0.7819946189102834,-0.5969750764290218
320,-0.17070128751085242,-1.649810363509659,0.2685621049197367,0.9857179381518767,0.3296413432123664,0.7444780417742952
321,0.761995109970367,-0.539195474509889,0.05369232843243534,0.25349829035318505,0.24190917742063928,0.5636499811982149
322,2.098466521516947,0.5080942321859144,1.026046320407403,-0.9662976527082432,-1.1080403909752148,0.300766625753198
323,-2.040901239489137,1.1506945655999292,-0.29055012978086553,-0.029614919375359715,-0.12945173012669384,-1.0241492638851
324,1.3462413584134256,0.3561180190568002,-0.8555279799489822,-0.15021612865154912,-0.402299592058638,0.6396220993470491
325,0.2660406928299942,-0.9651773599993889,-0.32205527469766493,0.2506679324756006,-0.2792454617378102,0.46330009560067414
326,-2.0389148581129386,1.1476141889764793,-0.27481748297463526,-0.042767903314014276,-0.12415039026199913,-1.0241492638851
327,1.8521448897156303,-0.8858385904954842,0.19650127142591192,2.052611272551423,-0.20619358370073523,2.698394404271179
328,-1.9235621136233199,0.017094613997915748,1.1959173517118356,-0.12016619121305223,-0.3605666748546717,-1.0241492638851
329,-0.395259548984595,-1.1174353526279013,-0.7157580896584156,0.5045732251716204,0.7424474032962538,0.1896022037643642
330,-0.22649350072654598,0.6826264056252399,-1.357292488101015,0.4146363980036926,-0.43321442143502725,0.38611134210781956
331,2.70031287738348,1.2104848071360859,2.0616080828493684,0.47197210755300384,1.9711722414083046,1.1603420265878126
332,0.0690475445551296,-1.0398551912775746,-1.7886772293273023,-1.0770844121069434,0.7982152399975957,-0.88477692614231
333,0.5955514577881535,1.162082315549332,-0.42527681409120666,-0.2353764676004544,0.8169944158160243,-0.08936777456270117
334,-0.8081420547626197,0.3093828779860974,-0.9740014160350661,1.0346007254774043,0.19233129313117517,0.4655531240155269
335,0.638150887488168,-1.5409734468159104,0.1558434606839338,0.6646961454752647,-0.39960844872094275,1.0244844131721929
336,-1.1591756212168738,0.32076883780562043,-0.9668049485982746,0.39942009952186025,0.3534320911948167,-0.255776453283724
337,0.4163439294123276,-1.8542766718464656,-1.0303501184759383,-0.8241940209442667,0.6824640920893099,-0.4819354455666413
338,0.6389335131493841,1.2738751027450759,-0.8147691348741067,-0.2468379781527617,0.9672957161368338,-0.09761385856106217
339,1.501186687495816,0.2512162916323226,-1.7616824972175467,3.0359937068051903,-0.8314208304433958,3.5349438547059986
340,-1.416891381932434,-0.6810320562750597,1.1000689375903308,0.07759496437374162,-0.13121332499567084,-0.6141431529501997
341,0.4077213681475141,0.5532780028905898,0.996561052901671,-0.3725953855602982,0.4203748679170321,-0.27709010208823087
342,1.9902004794411723,-2.418004986297314,-0.4560381991948415,-1.8565412460397448,-0.7977367826675777,-0.35815406445463216
343,-1.874278443906998,-0.2472576722693717,1.457195126543778,-0.15757368256903798,-0.379016356549658,-1.0241492638851
344,-1.976614509812396,0.28105082969439266,0.9385266960942539,-0.09842587482250795,-0.3539652028610912,-1.0241492638851
345,0.24625391586252943,-0.7065511575622465,-0.583293606286637,0.3532682429460479,-0.2841581444209021,0.5256639221237978
346,0.11680883190628465,1.6415538001986925,-0.024298273446531758,-0.4120675763078854,0.510016314779803,-0.4581885260740935
347,-1.2809750955193886,-0.006469633167932142,-0.268221136411229,0.2150719620232129,0.2246720544045144,-0.45643116391050836
348,-0.6776448398123893,-0.7411061499064447,0.5400218461961963,1.1076075364144786,-0.1293353005190991,0.6514730288091743
349,0.8438543922319357,0.2077009687064512,-0.782086470828499,0.7027118954274181,0.21128470232923355,0.9926716519544723
350,-1.9834921331077782,0.8615836243496847,-0.030466345499402164,-0.06016770939662908,-0.1406228326779919,-1.0241492638851
351,1.3462934047483395,1.1937165783172503,1.0382370516818067,0.5264916778011376,0.7390433416640824,0.8350948446196721
352,1.0570358996058136,0.7002521290273385,0.6023508176561205,0.7943654307905106,0.2081405569222942,1.0884704201540105
353,0.21472570503348742,-2.063883904883033,-0.230827611066729,-0.9439794377883373,0.409103665769051,-0.7049852586370619
354,-2.0312738303357833,1.1597413617314103,-0.2701091367494306,-0.02204822983171565,-0.1320500290321112,-1.0241492638851
355,-0.8892841365845935,-1.5425491306159613,0.8644457129428982,0.04458401047871045,0.3036375625155337,-0.4225005559828262
356,-1.4640915874983436,1.1674706855718457,-0.7560435599674797,0.8243025693935002,-0.16510635897655196,0.012018504105671804
357,1.1238641860578975,-0.4372163926387776,-1.218002339614712,-1.9233076324452918,-1.105145490572079,-0.7782988032563698
358,0.08950042843385779,-2.038923155617191,0.2621570711695399,-0.8579637485446642,0.1544223705297534,-0.6329784704983685
359,-1.9810627795860374,0.2819273743410328,0.9447020376071792,-0.1014608783545653,-0.34536490762194516,-1.0241492638851
360,-1.2699693723643157,0.10461645315117869,0.2897231198893928,0.6884871629687098,-0.2124781408581678,0.002465663626696217
361,0.35930530972808306,-2.6175112156610294,0.26933855950069546,-0.9447938961341105,0.39220062323815497,-0.5914776870967812
362,-0.9249818969787337,-0.4733534528151352,-0.17014154317669072,0.4741002696637783,0.2612141989732009,-0.0921164692288215
363,0.3961361297702465,-0.47804475025048815,0.6009958859610438,-0.07164249692536066,0.0626206073093769,0.12156074563581167
364,-1.1900657750837123,-1.4901712500445923,1.3997452547473124,-0.1529738429037575,0.08583050500917783,-0.7259384228951923
365,0.08896000685328292,-1.5046451236401384,-0.2720485744955034,-0.6328061652034551,0.13190260392113995,-0.4327743655545547
366,-1.9911839558784914,0.8757895794007426,-0.028437838168842235,-0.06720290544758978,-0.13367009310287606,-1.0241492638851
367,0.03060008232751974,0.33169713950056784,-0.6682146618281748,-0.6710107417656673,0.502825482030138,-0.6377548907378563
368,-1.8734455572178,-0.2577251908143695,1.4492265704213165,-0.1633327655307538,-0.3889720597910123,-1.0241492638851
369,0.2970301754031158,1.6290791536377625,0.44080736149183697,0.21103384862823982,0.12127439850184302,0.17369582315550391
370,0.3687128231678605,-1.003730159330238,-0.8221133088176071,0.09599521791401988,0.023683942275309212,0.3580386080587545
371,0.08227727255915872,-0.49132497989362933,-2.290686437636604,-0.7929594903060077,0.7469598944245022,-0.6619524159133746
372,-2.0916282619957225,1.4157043122594477,-0.532389456975483,-0.010448201940864273,-0.10270167655301264,-1.0241492638851
373,1.414460854964168,0.38820524718191707,1.131304040056688,-0.43248423570251165,-0.4165647674060913,0.28801448492513154
374,-0.07557898056460642,-1.5912587719703046,1.247655203626158,1.810752839109853,-0.35929583253841635,1.5840465502850174
375,1.0262936779543121,-0.29283233059100644,-0.24049146880368738,0.8283116015120641,0.11931832914527928,1.2122518012660195
376,1.0591679847071036,0.6567484615473418,0.6575181964613278,-1.3998197700118247,-1.7039985331694583,-0.4386322394331718
377,0.18899256826436783,-2.069214599989897,-0.24354223852837315,-1.007883940285754,0.4518998257590603,-0.7377893523573177
378,-1.8682492664293537,-0.2385727504084113,1.4534561773585866,-0.1341183645980413,-0.3891961774477424,-1.0241492638851
379,-0.4486844326136615,1.731386799129451,-0.4664396589839925,-0.0042356427624640315,-0.2814286399674999,-0.2218909059243389
380,0.43924798311325075,-1.2745563654805252,1.379446834333061,-0.35392996027035856,0.06081104121139612,-0.1148720562188341
381,0.009626052388565925,-1.6286051220943727,0.756176703727684,1.6240982361222858,-0.06748399418533053,1.4382756118440456
382,-0.3090173031298532,-0.38118709113517046,1.648755049166873,-0.7023580843512921,-0.2800142977789527,-0.7574808207031305
383,-1.9869628722038741,0.8777676404104913,-0.0036195112184205123,-0.06995458314081317,-0.11246726648035033,-1.0241492638851
384,-2.0310773035863403,1.151789482241883,-0.2550176144655521,-0.008319869023255991,-0.1471716330857288,-1.0241492638851
385,0.12069011009147307,1.6556032486257928,-0.0252896595395788,-0.3938968175358619,0.5015193730105888,-0.4628748251769872
386,-0.708548291061508,-0.8220634885974879,1.2391625700389903,-0.5233559874026352,-0.8244834967974053,-0.6520841514563197
387,-0.6244285911611805,-1.0428461960219138,0.30086212643905197,0.7512412871863721,0.18005975084273895,0.3374459283470005
388,1.1081619635896793,-0.5600724594734618,0.034197395251590414,0.8747795113587411,0.0734250299524572,1.2606017910487592
389,0.2679176615192429,0.5650551005028979,-0.9324527904268263,-0.14974308213124474,0.4130827634968901,-0.03691727306492955
390,0.2703124261939744,-1.6908106593772116,0.2175648591889252,1.7619537312722444,0.1507294336983406,1.658847093658128
391,0.9141455432452057,-1.697199812492126,-0.6218430289638812,-1.3331444866898072,-0.2862727266681338,-0.5419561225383182
392,0.4231504906934101,-0.7455521368846103,0.8556607265649093,-0.1471714123430554,0.052026601932620105,0.0632073096911259
393,0.5867768235279789,2.3417706463985746,0.09075231311109182,-0.340845979251567,1.025013107605711,-0.3146255554796774
394,-1.1054201649622593,-0.5220527307718354,-0.21464365250508885,0.058636052366011056,0.4309851965507571,-0.5271762561368842
395,-1.9933128882049636,0.6854092194168435,0.3034270896081812,-0.0625856286358974,-0.22975302299005113,-1.0241492638851
396,-0.2105823426511053,0.06188471423726008,-0.4371430353509183,0.36104739156509913,-0.6316109282075955,0.3462777997332232
397,-1.9812842987740806,0.28492690117615455,0.9505750642719932,-0.09524475775501791,-0.34826056440275305,-1.0241492638851
398,0.8534399247861582,-0.27185847336725344,-0.19979710487739716,0.5447217694514151,0.16960053673055808,0.8376182364443072
399,0.08325066488384388,0.3279293482474581,-0.6433981585941824,-0.5948083062251559,0.49344617736922913,-0.5251485305635167
400,-0.7448023944251587,-1.558850101085596,0.84866429346003,0.28836093625232173,0.24954644450448288,-0.12911119580070338
401,2.012917953081753,0.5102371208180321,-0.935929832983521,-0.6752238246492658,-1.1261561357481946,0.6594938099660501
402,1.9613388923710777,0.25462638098982937,-0.6803522463011819,-0.8664541853333468,-1.1012539419844152,0.44933131942858723
403,0.0980979678101331,0.40322342513904164,-1.1119078263753377,0.8709474079260553,-0.5438612237547119,0.9527479884432818
404,0.0861129827183683,-0.7321670283660147,-1.5468665426898458,-0.5990437874280319,0.453984422546248,-0.432188578166693
405,0.1271675041209357,-0.7812802938922943,-2.0658235355899004,-0.849550738837618,0.7546019866112531,-0.6675399263822094
406,2.2379732750056975,0.6948145547938716,1.6923901772391952,-1.7468073732601623,-0.4150934195087132,-0.4389026028429541
407,-1.9227941463367875,1.0327791075634005,-0.3725061597791502,0.01942453812916368,-0.055689736426940174,-0.9141113561036925
408,-2.0418994135682373,1.1482205729449366,-0.26341381867069963,-0.04237837007840491,-0.12330179603281563,-1.0241492638851
409,3.9202754990051463,1.171993989884534,2.108650098294333,-1.0206491324481157,0.6849041595219115,0.7213169096696092
410,1.6308285797684958,-1.1997167435145952,1.4284836340142189,0.43275509558982833,0.6221538357361256,1.0123631203002852
411,-0.15882994463680944,-0.16504151802916886,-1.5568880859238967,-0.4658529228867849,0.2113088095177668,-0.4159667735797533
412,-0.7935986680519255,-0.2786443381416646,0.7422824555401747,-0.45189743938180776,-0.8040507991941963,-0.627661323439316
413,0.0662824117894015,0.060467447138290484,-0.37917298046197284,-0.7434831704740115,0.5272161157923805,-0.6756057681073823
414,0.7796086720516284,-0.8003077294145164,0.3147156703997236,0.1643699151878808,0.24094101743595464,0.4946622511354242
415,-1.2847621549473685,-0.9442155191596897,1.3642123757925941,0.2110007468112671,-0.1992618392501973,-0.46377603654292826
416,0.2683002990949088,-0.9775232441854592,-0.32828763051278415,0.250281553598923,-0.263888185943798,0.4679413341352708
417,0.1843469998935974,-0.05517822967323193,-0.8575763942045115,2.65239771311471,-0.18061936015963923,2.4406028930437293
418,0.03864307369777548,-1.2539150692669534,-1.000814978604786,-0.8990568461416908,0.45905452281042847,-0.7546420049004161
419,1.133528550612742,-0.43322308664792897,-1.181706393361147,3.869693995461691,-0.22556731489276846,3.9777540593611547
420,-0.9061841773771269,-0.19797068036833534,0.04501511733134354,0.9470030243627869,-0.054529211593520616,0.38264167834894636
421,0.11825597994728405,-1.7846793564305574,-0.022040813725278927,-0.6872624097457933,0.13268121294579915,-0.4801780834030562
422,2.734050887756412,-0.4466956802327753,-0.4172642185346441,3.854817344776599,-0.593331970767873,4.736754271756744
423,1.9117750038552788,1.0536352598201386,0.5149716784104658,-1.0788033555435157,-1.0209100542313074,0.14778599638469747
424,-0.32171958278357804,0.10770584815986181,-1.8175742427564374,-0.6460663162279587,0.277488075163774,-0.6518588486148345
425,-1.2643678122248057,0.07269563200628552,-0.6773818879522164,0.0954025136473658,0.41245210365554175,-0.5711553707948095
426,0.059793866322415026,0.3840141784569494,0.3482679505076795,0.015010166595464239,-0.15121772798838165,0.05261807614131805
427,1.1733095158152689,-0.581022753782567,1.9561141762065655,0.5080514650689264,0.14461182237191117,0.8923668269252286
428,-0.11504494297914626,0.2555940884476852,-0.5801974728625241,2.57932015716445,-0.406423135774811,2.2289534037524636
429,-0.7519729796588149,-1.1136736352002259,0.2491683494734419,0.39029066577463756,0.3296536297792868,-0.048768202527054924
430,0.9717251348253719,1.4487735975073017,0.09172827281807261,-0.8071611022284321,-0.21047582164560885,-0.23955464869678433
431,-1.9875462917216276,0.8625152321083521,-0.023021658789377328,-0.07425635753926667,-0.12610414990243246,-1.0241492638851
432,-0.16441278313575264,0.09333025410354451,-1.8335015190571438,-0.3568123642907503,0.19722837929600043,-0.33026157267875533
433,0.1249772457784392,-0.4629644351242469,0.608970381357068,-0.5475085934539462,0.1638890399783768,-0.4581885260740935
434,-0.7667613828245229,-0.3218695746542947,0.7137445017134475,-0.4377780879598285,-0.7799997583307132,-0.6063927352031062
435,-1.5300440434050695,0.5761434494391224,0.21394398258415603,0.6369915909427047,-0.3361105182671083,-0.19562059460715603
436,-0.5343125752311285,-0.016030849660881297,-1.2600348509188413,1.0431544827608465,0.42868399874612706,0.6244366878309416
437,-0.48247356993992063,-0.3522619049545778,-0.2808691722117395,-0.5020971836401615,-0.3135976472276647,-0.5735886414828505
438,-1.9694743719343808,0.2919701886274399,0.9533764457204733,-0.06233819113065261,-0.3774946700354571,-1.0241492638851
439,-1.8680527396799107,-0.2465246298979389,1.4685476996424645,-0.12039000378958321,-0.40431778150135955,-1.0241492638851
440,0.6503084229674961,-1.040869403999348,1.07512225434177,0.14057004651933558,-0.03490710495249169,0.4207178585599575
441,0.4692759602188403,1.5810014162067894,-0.7883774326701628,-0.5220146985246528,-0.7642898558965115,-0.09130537899947452
442,0.70845491644032,0.7409482977708295,-0.2863947789467816,-0.3669436148308851,0.9431734710321399,-0.16403313623092072
443,-0.3832367025287345,0.42388671531002614,0.8766362166852167,-0.46313395314263556,-0.2908671428089312,-0.6183788463701229
444,0.6969315328053651,1.2402363569319208,0.8747181824760921,-1.077619297597309,-0.41554098053770394,-0.596299167904566
445,-1.8156945375954892,0.594558654395247,0.2428085431920637,0.12209355017500016,-0.19578386089594974,-0.7633837551500446
446,0.5707971858252608,-2.326634521984447,0.47080977926598566,-0.1233646644668544,-0.04023571182954114,0.24173728128405642
447,0.15320579494546527,-1.1420935897718603,-0.28353755223959254,1.7944163000050632,0.1916764165521118,1.636542112351086
448,0.2632218778404545,-0.7675507122259887,0.35969396859983815,-0.76039288244351,0.45849939390734756,-0.5853494498083818
449,-1.176943019482271,-1.492414212206727,1.3867351774490249,-0.12894676748782613,0.09303459052932289,-0.7011100497635151
450,1.7551721806250484,-1.8786721483463553,-0.9714350664870112,-2.057173020885378,-0.6960788422363516,-0.6203615113751932
451,1.2900572695451804,0.47791933410968446,0.8947387102168959,1.1844719676189428,0.06923825048660373,1.5543966963455553
452,0.7588582352751153,-1.5584531145765048,-0.32617161088313446,0.5758759090997103,-0.1530537502236981,0.9466648117231794
453,0.9729491252351737,-0.02915189860267001,-0.49732006894815106,0.8601807332891597,0.142637528422417,1.2087370769388492
454,0.6263285720637036,1.7502165124270208,-0.3669345561059961,-1.7091893257064137,-1.5372050305988023,-0.8992413685656645
455,1.4284571303357347,-0.3177080056686502,1.667632356191201,1.079946141843924,0.0211069377835865,1.5125804889658887
456,-2.0312738303357833,1.1597413617314103,-0.2701091367494306,-0.02204822983171565,-0.1320500290321112,-1.0241492638851
457,0.043987822319567806,-0.7388758046356815,-1.5459348022717663,-0.6730411532712565,0.47379650165283754,-0.5174882339530175
458,0.37261777248318295,-2.0706292534706083,-0.26419993196316055,-0.679453355508015,0.36009136336667485,-0.3772146848442863
459,1.464052368795501,0.03090017776054982,-2.3040230327074465,-1.4033421321114636,-0.9533013981629034,-0.1671423154434175
460,1.2561798985279495,0.4233850236954517,1.8610688877678403,0.008151050689564633,0.8096078865709212,0.33510277879555367
461,0.3742605862564783,-1.796836386569572,-0.04082979440659051,-0.2361087371880551,0.03303606420597917,0.06135982639094665
462,-1.930248621678178,0.022909339130490758,1.2065264724413334,-0.1320516879768036,-0.360532271375491,-1.0241492638851
463,-1.199153108232699,0.3652499891112696,-0.44940717609786646,0.6583061999068027,0.04526041022815902,-0.01618941164828441
464,-1.6450096541003152,0.5655825723912421,0.19384239743233736,0.41731821833199895,-0.2707785532973634,-0.4275022790637993
465,1.7810723926039602,0.14939313066164195,1.0816763540441428,1.9332180904211969,-0.1326146901596871,2.46002399797976
466,0.07257533492522134,0.1457616024110492,-0.6840715455375177,2.7598480105580014,-0.37308341667663514,2.485753582477378
467,-0.7937911806336193,0.043515790770837025,-0.7122112556565814,0.9415770623033531,0.19367035954571724,0.39016679325455444
468,-0.032524794305275787,-1.4994484474342473,-0.25424534074270977,-0.8349554768443581,0.195873799934643,-0.6797964009590083
469,-1.9305734826468453,0.015679491913465883,1.2081606912329905,-0.124270664084481,-0.36167212013570593,-1.0241492638851
470,-0.9643901562116878,0.5884419094019909,-1.2193830894543307,0.8778686478036887,0.24855756562936077,0.2467390043650295
471,0.5862646507352602,0.18910097151652858,1.1716946130166184,-0.316361072286848,0.4555610527398923,-0.13893439968946128
472,-0.6202730621629184,-0.8225121114428464,1.2612114828073284,-0.35716412605007636,-0.8828199142906595,-0.4914882860456169
473,-1.7233039077831775,0.15468660599887152,0.3611251966471439,-0.08775257525853866,-0.049996670000648426,-0.952457899724486
474,-1.9694743719343808,0.2919701886274399,0.9533764457204733,-0.06233819113065261,-0.3774946700354571,-1.0241492638851
475,-0.6566370682454659,-1.8372703439356037,1.0955506278919898,0.3542389250351823,0.19766954072379583,-0.04827253627578732
476,-1.9869990017365633,0.880254102629949,-0.010328053115596208,-0.06912508397812434,-0.1293828846566732,-1.0241492638851
477,-1.9236043095442903,0.020307554287977182,1.2018744060688396,-0.12579139289132407,-0.34669766693404963,-1.0241492638851
478,-1.6295248404828255,0.5768334875197394,0.20499873044299308,0.4419840005395125,-0.2804604661089653,-0.3869477675964501
479,1.2711388775428487,0.2726034457698169,-1.7350805927201771,2.631082615233186,-0.7380942701139069,3.057977739281675
480,-1.9852072411962498,0.8801268479024206,-0.006519654117185,-0.07177307078392677,-0.11637462998432128,-1.0241492638851
481,-1.873324553154795,-0.2479720946218836,1.4542475782567024,-0.15062048506379033,-0.3769962996212217,-1.0241492638851
482,1.655888907541513,-1.8124260036606665,0.021333159487841397,-1.5868805457621773,-1.317424229849575,-0.20512837451783458
483,-1.8155928740713263,0.33043446725346437,0.49472315510745146,-0.0025018482460811243,-0.18075048708631894,-0.8722500881557287
484,2.522829976103175,0.3203724752598374,-0.46653785575786966,2.2940361974776096,-1.247999145675434,3.417290710882389
485,1.09732990182004,1.8276705897697418,0.14835413716129486,0.1497709974608588,1.0338440809618623,0.33501265765895955
486,1.1831807079782595,0.9578724838562784,1.3356691500293278,0.11982261921383794,0.817713112109367,0.4057126893170383
487,1.9503480433361564,1.809018541236383,-0.7889996892594545,-0.9810514388537818,-0.7413737576642293,0.2210995410040054
488,0.5875892376981463,-1.0750649677437965,0.5859584604320303,-0.35318615012831134,0.35423896831159596,-0.060574071420883245
489,2.01709634595521,-0.9714775518544322,1.148457074338843,1.2296118976863497,0.46020885355793445,1.9204236926225304
490,3.4079524975507622,-0.3721625891371048,0.42361520024812227,2.1752411559965785,-0.5417473169914186,3.5849160249474323
491,-0.7879390184875525,0.1909106533925101,-1.068748494938057,0.8926262455464254,0.3178356363826727,0.34010450187652674
492,0.515676833284187,-1.5767492584978724,-0.8113235978209362,-0.20978958682846752,0.280847361030225,0.13963003352293057
493,-0.44544351189127707,0.1609242293049684,1.1336298663023168,-0.7158285877528382,-0.23668606955526264,-0.8356158461302233
494,2.9960654537650364,1.1588409038720868,1.0797525835172261,-0.17691311914087463,-0.74786567022763,1.3434231155787457
495,0.1076715312950746,-1.0984233096478688,0.23734540239354784,2.055125495424996,-0.1433941233569345,1.838638761163376
496,0.18616195271920816,-1.005104969330038,-1.3179916973339376,-0.5251272296901897,0.4057820927887468,-0.3232771845927119
497,0.24265747658571044,-1.585615932934416,-1.288829450079365,-1.0011235074613782,0.7292325608593031,-0.7435120445310436
498,3.444410354355154,1.8606948540656343,1.4324288965492726,0.27863171905956435,1.2343544181064259,1.511228671916977
499,-1.7294909970045116,0.3217317419884883,0.48676926230423023,0.1503250934149112,-0.22729550819700614,-0.6951169941800068
500,1.0627502629760222,0.17780680663624257,2.151269031306213,-0.44938696058352,0.9094635182337626,-0.1661509829408823
501,-1.0331582260464105,0.0018010245852952602,-1.6984463401476741,-0.14959437578587248,0.9681315254114002,-0.7173318543504549
502,1.054483287379854,1.010541618077697,0.37534758271944335,1.0091848058733415,0.14066746335272778,1.2689830567520113
503,-1.874649124424679,-0.2512990624666423,1.4623601759285978,-0.15299881157767822,-0.3562018591630278,-1.0241492638851
504,0.25166253271464795,-1.0576362479691408,-1.8190331689857822,-0.7610833475355496,0.7277003566956771,-0.5100081796157063
505,-2.0409290997287544,1.1449808584021692,-0.2721534980465208,-0.044269339681202516,-0.11914589723630568,-1.0241492638851
506,-1.7074316089231012,0.32037743068237134,0.47963097914912434,0.18787665972137346,-0.23295733778892555,-0.6481188214461788
507,0.1419782976739969,-0.699570493393484,-1.0603010052043451,-0.168438840642097,0.09076309987079613,-0.016504835626363793
508,0.8404205952618063,-0.3187213442141057,-0.9544824932310979,-0.23694460139316062,-0.9371697122066007,0.45059301534090473
509,-1.8404239430960851,0.5904300726162361,0.23024877418553397,0.07278205466057172,-0.1823179169242788,-0.8248013097389302
510,0.7327130145416355,0.768151506451017,0.45798039061554924,-0.1183923639954687,-1.1647362415187212,0.3950783951989334
511,0.8531950934211314,1.0294170117806274,0.16548438271538257,0.19857063907270808,-1.205732912129728,0.7504260367895064
512,0.0355917080584873,-1.0320663675693451,-1.7755359950370844,-1.1346257624493674,0.8108362591469054,-0.9536294745002094
513,0.9862371540944499,0.45197543675376484,1.893969961012127,-0.4706847156442932,0.9301475005900735,-0.2232877835415476
514,0.13075078620075056,-0.16203285178613216,-1.1008237890590238,0.37008961376404864,-0.2353527843578026,0.5036293042265381
515,-0.7534190570792196,-0.4913115899040923,-0.22664897534935488,0.7720671909942382,0.20534851170928753,0.28395903377839665
516,-0.9279554089788785,-0.494326045051538,-0.20319349336157008,0.45154610866105827,0.2811128370295916,-0.09180104525074212
517,3.7690784015447534,1.8650614245153372,0.25268536807963715,-0.06327430399955422,0.17299772810069755,1.6063515315920593
518,-0.6534342624883329,-0.7843807205691078,0.028511508893340236,0.8164525992147781,0.17690516242341672,0.3722326870723267
519,0.19036899377097358,0.3157742892478388,-0.18441083191243202,-0.12509845498691433,0.1563251834475406,-0.03169024714247121
520,2.396111742624946,2.3017553126130954,1.0490291171295678,0.4023781746945004,2.0758257523534174,0.939680423637136
521,-1.5897179823184002,0.3250919320870376,0.4691798591839635,0.4002931353994855,-0.2896989431754935,-0.42407767587322315
522,1.162884475332208,0.8207355535948958,-0.41735325711777527,-1.397205814957899,0.42456040314324794,-0.7128257975207494
523,-0.31938008146248237,-0.056628014654596194,-0.050215476979601194,0.22517089465706308,-0.7075224400223286,0.18734917534951145
524,0.4731035053138054,-1.5803370149591163,-0.8232636970799883,-0.28233447011298163,0.3250974315479118,0.052032288753456335
525,1.319455531405372,0.24661354202415148,-1.7763266723073026,2.6864295950573682,-0.722560246633053,3.169187221838806
526,0.5625160115850281,-1.296915635315121,-0.6003127401196362,0.33125304837273256,-0.061869627100131115,0.6512026653993921
527,-0.4026257476181341,-2.179322347270586,0.34067366396409104,0.031940533864156385,0.7559622978376841,-0.2531629403224948
528,0.6654990308493278,-1.053372347414554,0.6053343328403933,-0.161923263615181,0.31276783265375147,0.14620887649430056
529,-1.7138326619284436,0.5878422778702295,0.22824633391677598,0.2925036967505909,-0.2161106614586476,-0.5629994079330426
530,0.41599077482050506,-0.48969470046682445,-1.3737180188637788,0.4282001165935829,-0.023909712151159723,0.6628282920200321
531,-0.11084654491422681,-0.11273141481718782,-0.5738413727764686,0.2541624529554086,-0.4770558992039593,0.3067596813367063
532,-1.9235621136233199,0.017094613997915748,1.1959173517118356,-0.12016619121305223,-0.3605666748546717,-1.0241492638851
533,0.08165379822882715,0.9119289066654983,-0.1753954496771963,0.3105245017546777,-0.20012254600607995,0.2844096394613672
534,0.297065606499707,-0.01944087648820973,-1.6411425242270248,-1.402014519516615,-0.3923289861360713,-0.8753142067999284
535,0.6215259424712362,2.075944745279039,0.36509342855222326,-0.3770148701987318,0.9928941511869434,-0.3586497307058998
536,-2.0377098178637985,1.1495015118926373,-0.2679136800765943,-0.04009917764866178,-0.11597132892372021,-1.0241492638851
537,0.8639086896945966,-1.0809993380225478,0.5697548288622285,0.19039481686142662,0.2147131153867835,0.5582427130025683
538,-0.9525750717854677,1.057246555986836,-0.5541572457579437,-0.1399814100111167,-0.7558926217145929,-0.4344416065815457
539,1.6490497923789025,1.3331918770331532,0.2786243759807779,-1.4153915892103113,-0.9316801896148147,-0.2924557558775265
540,-1.5430827775597762,-0.13117617966192607,0.5940870806840955,0.09616452120951063,-0.09646891301205196,-0.6615018102304041
541,0.3064976027675516,1.3988423471227374,-0.761690666181866,0.9255212678392505,-0.2869675477763115,0.9673476125715276
542,1.1143800644883743,0.34869948970161635,-2.0191000443812093,-1.5962389026180603,-1.1600642469160456,-0.48585571500848507
543,-1.9883619133522514,0.8772067390321039,-0.017090976940747116,-0.0696357635529787,-0.13225766744611298,-1.0241492638851
544,-0.05541681774864729,-1.2300830349381604,-0.5177683965353931,-0.7532901532199489,0.19775392022719165,-0.6163511207967554
545,-1.5622906228885676,0.5713831839173138,0.18541611754428045,0.5694167153315375,-0.3005039895343086,-0.24005031494805193
546,0.30282746586808623,-1.651992003400998,0.7303442619439081,2.1398549494131434,-0.17702727647923855,2.0417267424782013
547,-1.9888713633736403,0.8776966087425934,-0.010860549557453372,-0.06933810092782734,-0.1303840073276127,-1.0241492638851
548,-1.6777450090917616,0.5978085660690535,0.21590934512065071,0.3636381400540195,-0.26114882305087994,-0.5014466716392659
549,-0.21265870906610215,0.6705530485450153,0.5567930245813173,-0.048617594304937346,-0.35349427103652625,-0.13920476309924362
550,-1.9879828768976726,0.869720490953359,-0.014153743515988484,-0.07070896882505208,-0.1262611389184087,-1.0241492638851
551,0.19877736685671177,0.10776616310656524,-1.3476269057779222,0.6253178655420514,-0.2958941106814114,0.729472872531376
552,0.2016853459435266,-1.2925183168858383,-0.5816902928200424,-0.3482347356737518,0.11793845145217695,-0.13875415741627306
553,-1.9805630142085482,0.8904939524687217,-0.012523509788432544,-0.05107413616117818,-0.14546158476506452,-1.0241492638851
554,-0.11005221944589398,-1.22457824253436,-0.5083870748240098,-0.8580986305639663,0.20842272385511063,-0.7322018418884828
555,-0.16433832229502168,-0.4040148878122861,1.6228767359450988,-0.4647809626968626,-0.35003113224861215,-0.46958884985324834
556,1.0013438432350976,0.15141136382970996,1.8905575670566894,-1.0263151284481176,-0.5222841683178902,-0.3928056414750672
557,-1.8768947878292161,-0.2527860383097513,1.4560107839372418,-0.15407119954719387,-0.3777700271485769,-1.0241492638851
558,-0.23512352277011028,-0.6011646343716575,0.46797957415345437,0.13369989079857644,-0.7308675030746592,0.15247229548759117
559,-0.23763223141268905,-1.6061025956896744,0.7839206761228202,1.1976105516626832,0.03969266670745867,0.930623249409428
560,-0.7770027916448947,-1.825791216663147,1.1128475066070578,0.12021797019064052,0.26760128350054646,-0.2956099956583203
561,0.028088965037174757,-0.9961254894812362,-1.2813192933270487,-0.8179595865016168,0.4802041983967576,-0.6509576372488933
562,-2.0310773035863403,1.151789482241883,-0.2550176144655521,-0.008319869023255991,-0.1471716330857288,-1.0241492638851
563,-0.2923268105898193,-0.14581984750615928,-1.5541213026803895,-0.6937356050947748,0.2601142392828423,-0.6846629423350902
564,1.8391535505647516,2.40931705553759,0.15092572027402318,0.5363438082060819,1.5583860645187109,0.9318398847534485
565,-1.9726000175830531,0.27101173999793,0.9203420877256253,-0.08516012517456292,-0.3575343138947674,-1.0241492638851
566,-0.17251483339548543,-0.4519909042682271,-1.7872809284060582,-0.9278578595571254,0.551284861797431,-0.8562535864102743
567,-0.35841330717254904,-0.14440271415938624,-1.5353632640955124,-0.8145407014131885,0.29085286242868036,-0.8274148227001593
568,-0.0918055307338477,1.6623239648342871,0.4721079035794973,-0.4934678460515118,0.30752816416166623,-0.6187393309164992
569,0.43240390216311675,1.3464119529334797,0.20214540742277812,0.030638567945482854,0.3954428285646758,0.09402873840631128
570,0.3783567207550214,0.4423633722228029,0.908102736452692,-0.5953113776671713,0.5737038484391752,-0.5008608842514043
571,1.4222322521298258,-0.366369535851884,1.1752927832727131,0.7528005757205565,0.3618138155736171,1.203510051016391
572,-1.8371544428367361,1.2115381403968764,-0.7018151028236604,0.17075920424312066,-0.004822476763286958,-0.7478378590875608
573,-1.9187635558071456,0.022722779364751113,1.2109620726814703,-0.09136409746011569,-0.39090622576840983,-1.0241492638851
574,-1.9285874917099426,0.021627862722797524,1.1754295573661573,-0.11265914781221957,-0.37318632280937525,-1.0241492638851
575,1.653131195821319,0.3213388042093899,-0.1863444049949102,1.083800175326993,0.6456979435029374,1.5991418406645306
576,0.28985112025665466,-1.3062297316807476,-1.561009121592366,-0.7864576249756725,0.6979680720203472,-0.5266355293173195
577,-1.7978362081426058,0.32938628070855475,0.4900322052344772,0.03567624010929719,-0.19539150161678942,-0.8354806644253321
578,-0.31090586569495193,0.47157931853869095,-0.5998534780747117,0.49359997179673004,-0.7367305406088532,0.4246381280018013
579,-1.4704234684939477,0.3140013237676509,0.45538506902939907,0.6102654529846276,-0.3380947381352059,-0.17674021649069013
580,1.0289440562560994,0.1837575837144176,0.1994289017350692,-0.0445059410239426,0.8365084410373865,0.28148070252205865
581,-0.05175948057381474,-0.2080731891354845,-2.0705796454382286,-0.6093176860512636,0.49865173666099133,-0.5066286369934273
582,-0.16547977771637726,-1.4148772355685544,-0.023415223370618028,1.0283621753670917,0.383561818711635,0.770703292523181
583,1.2866542773626155,-0.9972778799053844,-0.7363730048656218,-1.8696658025411563,-1.1836123077460432,-0.6582574493130162
584,0.30906741692402523,-1.8293708173636405,-0.5385823891130843,-0.6769645233829983,0.3823621635353284,-0.3977623039877432
585,2.740312194937288,1.2614124767253894,-1.0970216275556277,1.712378648748813,-0.3063798871801822,2.853537940917938
586,1.864955509202602,-0.010376866984804944,-0.38833216473091875,-1.1732525838308798,-1.0525913610405406,0.1415225773914069
587,-1.329323885980138,0.352661314507276,-0.9259664861426699,0.08651228000918276,0.4256452873403257,-0.6047705547444123
588,1.4865821243348083,0.02863938878643395,-2.293351644309972,-1.3745521490744745,-0.9635371828850071,-0.12784949988838584
589,0.4918233962680757,0.3450550823368718,-1.6449633426997041,1.2593960850877979,-0.42193897485696125,1.4421958812858895
590,-1.3707304515819974,0.3514546532033054,-0.9283513241881491,0.02248928280291475,0.4423767841215464,-0.6876820004109928
591,-0.6678625995881105,-0.4239202343540735,-0.6224654644125767,0.7778766852519081,0.3598082584141371,0.30829174065880616
592,0.8182150536670384,0.7141042198032174,-0.32765637970063377,-0.21650859523626492,0.9276330971412916,-0.0003280916077211716
593,-1.3785560007006457,0.29551872132326457,0.4232075720770644,0.7813416352068088,-0.3766712183265007,0.03369263745655509
594,-1.926361973263811,0.01599262323029511,1.1967430246512027,-0.11836006652043986,-0.36643125280460714,-1.0241492638851
595,2.2991337288758027,0.8701071325033266,-0.739251435272308,2.5527481668520515,0.2862630144249249,3.217086605938575
596,0.005067461473535038,-1.2568722567407482,-1.0175159669457114,-0.9763709585535943,0.4977574992144387,-0.8076782937860494
597,-1.1918424634935865,-0.7202541159820703,0.10500499258356095,-0.12299310339223293,0.40635606958183945,-0.7278309667636685
598,-2.0342029492350124,1.1308310336123732,-0.2880519724603999,-0.031141803067166202,-0.12721127694503925,-1.0241492638851
599,-0.06252498795572492,-1.0969550204049068,0.24332949909342116,1.7515407768791273,-0.04821477736969258,1.5032078907601012
600,2.3906960715773655,1.7401323135894442,0.6168070816961874,-1.0029375635042026,-0.5032539905627028,0.30139747370935677
601,-1.9259433600696676,0.002695938493908721,1.1853724013966473,-0.12827467964666367,-0.3564271868521605,-1.0241492638851
602,-1.0628154350795929,0.6101897940807096,-0.7272215373607199,1.0261623119902514,-0.012469452473246526,0.373314140711456
603,0.24948833404321366,-0.36533251116242815,-1.7598029490910247,0.0004345744044633617,0.2320693042337699,0.18563687375422339
604,1.4219731042702952,-0.64347580782436,0.9579923887508617,0.3125278787552192,0.6700364367250284,0.7671885681960108
605,-2.0895488239825037,1.4151325763753542,-0.5250197336804651,-0.010608417377762112,-0.10119857510102744,-1.0241492638851
606,1.049915629474379,1.4187901831613652,-1.117467128519967,-1.6879999966364618,-1.0791181065427706,-0.708364801259341
607,1.663847397478626,-0.12928778778706188,2.337046014485185,0.49794746878155527,0.6423714085007353,0.9617150415343957
608,-1.0927795923571963,0.3297708672413097,-0.956686560027079,0.5132492490998918,0.3361968516785921,-0.11464675337734882
609,-1.8765576155944466,-0.25137009413454015,1.4551191375895656,-0.1523823293646917,-0.3741186000102909,-1.0241492638851
610,0.28248568797215373,-2.6207472435540184,0.2525772405250166,-1.0909756865332987,0.4310718083520553,-0.7637442396964211
611,2.2050125190418752,0.7298015923670265,2.654522138935955,-0.6387675344283323,2.1995125144028327,-0.08373520352556933
612,0.8592801321249716,-2.096854989399442,0.1891152488590629,0.5160644450272437,-0.17947128570706453,0.9445920255815149
613,-0.23568219858523815,-0.1623462626396636,-2.038005811117973,-0.9221523780759605,0.5567416807245962,-0.9024406689147554
614,-0.4734521986704927,0.6865242100093248,0.6145768167575045,-0.5165574106517137,-0.2459069383247376,-0.677137827429482
615,-0.7172261008953755,0.49286122792401943,-0.06535105001315565,0.0628363202973321,-0.8697790866465297,-0.1536241449543011
616,-1.7597667790268101,0.6054339906996541,0.22539404871754048,0.21927021756060988,-0.2278739587444574,-0.6715052563923503
617,-2.091612055616372,1.4199419748626176,-0.5481357567418622,-0.000589013045896187,-0.11604017439374155,-1.0241492638851
618,-0.405549895717175,0.4184181307115478,-1.5661552934682685,-0.33883823498739846,-0.03471558473717201,-0.4031695721833898
619,-1.9694743719343808,0.2919701886274399,0.9533764457204733,-0.06233819113065261,-0.3774946700354571,-1.0241492638851
620,-2.0373895739222125,1.1431467951078549,-0.27256931594199024,-0.04724676795091503,-0.1093862643597212,-1.0241492638851
621,0.9111205847589801,0.5243113948521798,-1.011930269797511,0.9877126843493654,0.13975940104266163,1.2730385078987463
622,3.105270361971319,1.286817737299953,1.2250151953333976,-1.337522001145775,0.2819182771925108,0.17211870326510698
623,2.4996471687834116,0.20613641347895637,1.4714231478386053,0.03742219653224057,0.19420256340129993,1.080720002406917
624,0.8578879740560199,-0.009747321405101594,-0.5004296254670877,0.6668299673088219,0.1743695565576252,0.9723493356525006
625,1.513189744100962,0.012841100088782842,-2.310844155236541,-1.323357908981825,-0.977067907274942,-0.08121181170093428
626,-0.7459055524842501,-1.2857970587702052,1.0708737485345587,0.7156160092061088,-0.08361603172169765,0.2351133777443894
627,0.19075994426731285,-0.46072466582142346,0.620354942752552,-0.42936248389043197,0.14279890831482084,-0.30791153080341627
628,1.4699339052138614,1.1966752931446778,-0.9100290825853457,1.2132377931756224,0.6253719266232516,1.6231140629985636
629,-0.3708652492594206,1.1950862601877605,0.05146089756286266,-0.10383053009755396,-0.2986766314978535,-0.27082668309494023
630,0.5420533312793278,1.2688101800279596,-0.8178001461635107,-0.4255742422666977,0.9955707121424391,-0.3147156766162715
631,-0.4999885506591721,-1.4244055224954655,-1.4274817584674355,-0.45159811264273575,1.4481123002141587,-0.7606350604839244
632,-1.8682492664293537,-0.2385727504084113,1.4534561773585866,-0.1341183645980413,-0.3891961774477424,-1.0241492638851
633,0.32082093963253594,-1.2560618821463032,-0.5486156255480027,-0.10274515884716509,0.05973444514084052,0.15364387026331458
634,-0.09582329718011473,-1.2205970980308563,-0.5136209897061985,-0.8320222991389741,0.20343336226965608,-0.701785958287971
635,-1.3715861591828227,0.11023219418569781,-0.16971607853844856,0.2180576633775265,0.10913868157214443,-0.4842335345497911
636,-0.5044738419944866,-2.430975399229039,0.6220219118432945,-0.27980123908743304,0.8192170137960377,-0.5622784388402897
637,0.7267394553881809,1.279146970036932,-0.33770388502383314,0.2180947077071787,0.606430640871295,0.389806308708178
638,-1.716815355639111,0.6619001633781149,-0.1999202008225609,0.14291337013412123,-0.048258587063241896,-0.7222434562948338
639,3.2687058939419344,-0.8040635541106352,-0.9589608789074444,3.935394242083247,-1.9243024417521297,5.386798030010054
640,1.4721482444452605,-1.058879917846242,-1.7333254504276168,-2.2104102185730343,-0.6102185678618479,-0.8953661596921177
641,-1.9809594378054125,0.29215674839317946,0.948940845480336,-0.1030257816473403,-0.3471207156425381,-1.0241492638851
642,-1.6455266076822088,1.1978643646907885,-0.7173575830415703,0.5036649459368585,-0.07783687511892899,-0.3500882227294594
643,0.3104074793725555,0.8038450120017383,0.2493464237764236,-0.7440135633080907,0.784834117568239,-0.6809229151664347
644,0.890891491919089,-0.5464990073957403,0.04600786184081535,0.47470332566351603,0.19098115115330863,0.8262179126651523
645,1.4748711189687662,1.6840045270702866,-0.2263256031084356,0.24793888632560374,-0.4581847540184236,0.945448176379159
646,1.0542439964917705,0.7041463686421963,-0.3350145847983466,0.22887942527064167,0.8186377058838872,0.5435529677377285
647,-0.7719937097076714,0.3263484588693271,-0.49701856894950647,1.4061239336963602,-0.12001034241099805,0.8697914822084042
648,-0.24721517750201433,-0.41837895471358605,-1.288144339678272,-0.7390102299313304,0.2522326497648797,-0.6983613550973948
649,0.4475741774021915,1.87545313786156,-0.32275805348673864,0.29092067819508,0.37792150642317995,0.32834369355099546
650,-0.7197562774605559,0.47839823182885366,-1.0313078801026643,-0.5614078992345609,-0.23044485447893445,-0.7362122324669207
651,1.8493756299733268,0.3729127173550253,-0.1818980042102384,1.5339341445936239,0.4817369482310131,2.094267365112567
652,0.4933001148507705,0.2883559352646565,1.2273170026374711,-0.3200952991710521,0.384855210803357,-0.1960712002901266
653,2.023244023153165,1.5999155800407696,0.9320595809704008,0.5317416652499847,1.4824107992524105,0.9851915976171611
654,1.1432489639031813,1.727612600650871,-0.1779238033649693,-0.34801724419044155,-0.3291536957252812,0.26088802281030465
655,0.9230470909322338,1.7473261760524859,-0.14740048299705344,-0.7338321716751657,-0.21778669571202833,-0.19206080971168873
656,0.6917929904878857,-1.5734672072804112,-0.35181222272481655,0.44051279117248976,-0.10715416493899776,0.8140966197932447
657,-0.653406170484899,-0.6171253384846492,-2.199706589351384,-0.36327912301449544,1.4880811883374243,-0.763654118559827
658,0.3990923442074358,-1.1148689359582054,0.677597753588799,2.8928475917852805,-0.579195175974814,2.769229617634149
659,0.8020078234512373,-0.5528588636873757,0.03620416662914026,0.3185919325544658,0.2163189931478516,0.6323222872829262
660,-1.8978297404413762,0.6028992928814912,0.24137570103805545,-0.023976179782505453,-0.16551357229049435,-0.9424093929942429
661,-1.7280378598563415,0.32388250281519326,0.47745687723874763,0.14837491709971112,-0.23170870806233795,-0.6928189051968571
662,-0.7370034242232611,-0.5447335836217767,-1.18083234921243,0.15385921424514823,0.8391344045958833,-0.3287745739249525
663,2.078159148123011,2.572016601151002,-0.11911957060603498,-1.1703739454416084,-0.43317048856718043,-0.04426214569734946
664,2.1608529458193773,2.2807773514036205,-0.37482341345405906,-1.4820411015954869,-0.11742516147135151,-0.2907434542822384
665,0.9872824813406481,0.22319043039880382,1.173467375287597,0.536054868071095,0.18941263997486218,0.8142318014981358
666,1.0344994001207037,-0.13455687451578097,1.4507197153307239,-1.7980880161554567,-1.6725079695435283,-0.8051999625297114
667,-1.921889201455818,0.0017643307352412907,1.1779277146866223,-0.11418603150402605,-0.3709458696277198,-1.0241492638851
668,-0.11430852931021664,-0.16527948889414223,-1.0944174430570326,-0.11799913984843889,-0.11510449841546562,-0.05714946823030709
669,0.9014754165377021,1.0539491432620645,0.41132241321252233,0.7438110118882792,0.19908974767227564,0.9456734792206443
670,-1.740635913013913,0.605851876493349,-0.24819228252020617,-0.02822626278091283,0.058029842078129286,-0.9032066985758053
671,-0.6973871980917178,-1.3093603124505826,0.5604933569752675,0.5025245190522956,0.2090580889399351,0.07082254573332812
672,1.3649081047578957,1.477767946695721,0.8060306668820263,0.6948590443840837,0.7056383577170325,0.9723493356525006
673,-1.8796411473315684,-0.25656744418434585,1.4598732915291701,-0.15951269101349558,-0.37218801908784743,-1.0241492638851
674,1.4533781564381423,-1.6646528579005688,1.0343795887910856,1.0052500072672006,-0.011846059619288179,1.5732320138937241
675,0.8845195775758872,-1.952904785965301,-0.3538475444220166,-1.5246972438507211,-0.2547937101005486,-0.7084999829642321
676,0.19957366852893133,0.5637031021706673,1.485349844324404,-0.43439781126852256,0.19896826543809626,-0.4357483630621603
677,-0.89346092235868,0.3358390170816852,-0.4879724711655991,1.1944452568302055,-0.07685596844053579,0.6189392984987009
678,0.7980353049485049,1.2274100939886685,0.3922916145970459,-1.1960675305613713,-0.17481618564311965,-0.6634394146671775
679,0.3052036404125909,1.0736166756984393,-0.004853123651794569,-0.6383398283635557,0.7787500110499861,-0.5803927872957058
680,1.5524248117454225,0.28565276617858903,1.8094406988334164,-1.7892305635657708,-1.1510600239001596,-0.6519940303197256
681,-2.091804810220697,1.4106625667804138,-0.531979508704922,-0.008911522542598669,-0.10164644557814045,-1.0241492638851
682,-0.6431202986506558,-0.15262601076537985,-0.10952396700328072,-0.5241057705849824,-0.4515338804609922,-0.6446040971190086
683,2.335338121339575,-0.06391740620475873,-0.45687780947490964,-0.33977127663667694,-1.2408603779622271,1.1057286178117824
684,-2.040901239489137,1.1506945655999292,-0.29055012978086553,-0.029614919375359715,-0.12945173012669384,-1.0241492638851
685,-1.2180353369494208,0.6057754704605438,-1.2109765638930623,0.41758898340264833,0.3785236049530901,-0.25875045079132963
686,0.549975852270634,-1.2957497980040829,-0.5988626410270537,0.3091808991202953,-0.056782293580045405,0.6252027174919915
687,0.309410271451675,0.580251380629288,-0.9423506450536081,-0.07136794685162327,0.38386324131495053,0.025491614026491145
688,0.8223739638601526,1.5903688926047097,-0.10642986630406676,0.8411489550190445,0.21685793448457716,0.9919506828617194
689,-1.988679267943105,0.8737091467306906,-0.019052049066929783,-0.06874209527179792,-0.13430684754537167,-1.0241492638851
690,1.107021588506659,-0.09606826954224966,2.4023921764618312,-0.49849355904027515,0.8860086355763512,-0.18318387775716896
691,0.6575906413089477,-0.18221690329830798,-0.6596094871304734,1.6251104689594102,-0.7815886751870659,1.9058691290625818
692,0.08716259273757013,-0.18228017161616655,-1.585678141026471,-0.03390196606359633,0.10790901952389693,0.0952904343186288
693,1.4276979652721227,0.7330131998673545,-1.5483190993637757,1.6127369139219148,-1.5498445575339659,2.3954972641783776
694,-0.3969692384232527,-1.7098797055916808,-1.1909666717709044,-0.40157349635712625,1.41914733425391,-0.659699387498522
695,0.32494784864925863,-0.7838062492356626,-2.062248655550359,-0.5051121323780468,0.701113344150315,-0.25027906395148336
696,1.0357372931341522,-0.3202960005303198,1.2200331275503218,0.05162260483228266,0.5142587504735938,0.40161217760200635
697,0.09089598760821906,-0.47293553768958163,0.13673268611922845,-0.9293496255013546,0.5075052946712906,-0.8327770303275088
698,-0.1360645138051458,-1.7065768211001973,1.003297424253312,-0.490743936191612,-0.40545116281541926,-0.37266356744628376
699,0.7773094539809611,-2.0622822689406695,0.6930708688644578,0.6973390429906277,-0.4733071171780373,1.0878395721978518
700,0.5915224044752971,-2.9401591673055956,-0.0049468418248205265,-0.9854476380621806,0.6363827390535788,-0.5374951262769097
701,0.21718800566498883,-2.311268871061367,0.5129432804333979,-0.756533913137204,0.10987301888326934,-0.4801780834030562
702,1.6369379649345337,-0.23433859744574442,-0.09438612513808792,-1.683382258919737,-0.9540205613532228,-0.45350222697119985
703,0.43609831587657066,0.8151727570841859,0.729830000294388,-0.2043657511032471,0.40170183668361686,-0.11311469405524897
704,-0.4286152493581721,-1.6045835059670224,0.33178214783833704,0.5490795868040692,0.4155804028598173,0.20325555595837175
705,0.8921422149553427,1.263215056910597,-0.3638063458470824,0.5161757926784001,0.5264555212619033,0.7243359677455118
706,-1.7571542608973447,0.32554726384257116,0.4844939304062224,0.10986348822067454,-0.2070947013989163,-0.7489193127266901
707,0.633158361858676,-1.0070539175432072,-0.3645842061248688,0.9159825043565303,-0.4339578495857694,1.2227058531109363
708,0.6098245027708139,-1.375070131680437,-0.353895427630242,-1.4562695772403134,-0.4984226780117834,-0.7573906995665364
709,-1.9834921331077782,0.8615836243496847,-0.030466345499402164,-0.06016770939662908,-0.1406228326779919,-1.0241492638851
710,-0.720978555423436,1.0301093734878721,-0.594632397632317,0.26397986260357326,-0.8789023983940675,0.04518308237230403
711,1.5992642846081824,2.2283299486012895,-0.04481417066604017,1.4448815878180548,0.6077733671664786,1.7801501435137992
712,0.9182888609811499,0.7783638677467603,-1.5260813757862166,0.7121134495910078,-1.3294512826057354,1.3596899807339824
713,1.939893858623248,0.5943143589508124,0.7932243606577353,0.5864641553639672,-0.6151878924889925,1.4941957771006904
714,-1.8638901782506265,0.9535972299952125,-0.44522358683474034,0.008830650690018538,0.008078534522042628,-0.9060905749468168
715,2.1183847020276154,1.2404373925531056,1.181244440977954,-1.7217340470618767,-0.3918052250366967,-0.4763028745295095
716,0.535605712061814,-1.1594566581510752,0.15446483052993684,2.791019346949256,-0.2983075506432683,2.732370072767158
717,0.9217261313324131,1.5127224214276882,0.8363545480523245,-0.09902757604902357,0.9124963132083079,0.07388666437752785
718,-2.0849137653622476,1.400078442875062,-0.5456375994213968,-0.0021158967377028727,-0.11379972121208656,-1.0241492638851
719,0.47322667202158275,-1.0191732234657536,1.1118477531107531,-0.17672259061243334,0.048854530882245846,0.06248634059837302
720,0.6551181919625089,1.0604476377562089,0.43158293336685793,0.29399316544421544,0.29718070289735876,0.4439691118012377
721,-1.9810627795860374,0.2819273743410328,0.9447020376071792,-0.1014608783545653,-0.34536490762194516,-1.0241492638851
722,-1.9805630142085482,0.8904939524687217,-0.012523509788432544,-0.05107413616117818,-0.14546158476506452,-1.0241492638851
723,1.1852743869324813,-0.5785470299167716,0.004745829425275102,0.9985193975290326,0.07019183316205664,1.4412496093516514
724,1.8104186325403346,0.2307644606364858,0.2820803512078116,-0.6323352894000018,-1.5764508572536433,0.6256983837432591
725,0.8539908549187415,0.2551478979650818,-0.7634286206177234,0.7782534637418371,0.16878957606481287,1.0694097997643564
726,-0.02369949474589121,-0.7057345969201818,-1.0420011155243436,-0.4657944597530877,0.16454080799396328,-0.34197732043598955
727,-1.0259782123166903,-0.538562423496232,-1.1738362582192277,-0.3790435468098554,0.9879329693725132,-0.9130299024645632
728,0.09748173210193734,0.8545450877717404,-1.2028479042648252,-0.31672543896658123,0.4613707585228209,-0.2888058498454651
729,-1.2521816594046253,0.902107330706888,-0.9647243649553685,0.800147048117765,0.05053832146739344,0.0908294380572204
730,-0.9208809932643754,0.0198205463861855,-1.2124407246405762,0.3724217776962432,0.5876108976085872,-0.1716033117048259
731,0.35724967350183773,-2.6423815117212293,-0.23316773831945542,-1.2830554809802084,0.72792057650522,-0.9198791088457154
732,-0.48098645142072727,-0.2597037957350378,-0.5075145514536427,1.357102290125558,0.09683565867894409,0.9508103840065084
733,0.6919902885092034,-1.3773152078065807,-0.3650498512994497,-1.299472754104782,-0.5246201184041284,-0.5824655734373703
734,-1.9911839558784914,0.8757895794007426,-0.028437838168842235,-0.06720290544758978,-0.13367009310287606,-1.0241492638851
735,0.36880045295927955,-0.28833680705917647,-1.3932838017335234,-1.3861005737830918,-0.41491902095682187,-0.8244858857608508
736,-0.6553409164172028,-0.636264533995892,-0.3271285286965368,0.7538453573571222,0.30421806155962766,0.30608377281225047
737,1.6959016140840466,1.365083718683547,-1.184383753346395,-0.5571927007788195,-1.3402630755596523,0.6252928386285856
738,0.03318130947657177,0.8576272827231,-1.1794500889449455,-0.44655096228120267,0.4935635494035713,-0.4262405831514818
739,-0.5247713402622969,-1.6225960832693553,-0.15157553081037664,0.05428101089792435,0.7816792941758972,-0.30930840842062496
740,-0.8568251839478398,-0.00893791668501001,0.013193117070765323,-0.7247644470049202,-0.4928888879015845,-0.9210056230531418
741,-2.093376527365232,1.4109940772181642,-0.521277649539843,-0.01841664991770504,-0.10163031493926364,-1.0241492638851
742,1.330615328936062,0.10464309129306855,0.6816541798045019,-1.4397754594426555,-1.5061333665683396,-0.35747815593017634
743,0.6272565724597122,-0.8011454475346298,0.31986141921656386,-0.10727362081967978,0.29437363834622643,0.1648639517692812
744,1.5243078808266581,1.1915633516583242,-0.9171506545164194,1.3115246149941673,0.6081140992542017,1.73806357272435
745,-0.4270195442372351,-0.8519153905769183,0.7515174874156931,-0.31731009254133646,-0.645947902830684,-0.3437346825995747
746,-1.5411715331259874,0.577177953257582,0.21523072562644707,0.6174059056441815,-0.33159628124408513,-0.21869160557524803
