income;age;years_with_bank;nbr_children;marital_status;income;age;years_with_bank;nbr_children;gender;marital_status;city_name
0.18139944643687092;0.4342105263157895;0.5555555555555556;0.2;0.3333333333333333;26150;46;5;1;M ;2;Las Vegas                               
0.04581810109810831;0.763157894736842;0.1111111111111111;0.0;0.3333333333333333;6605;71;1;0;M ;2;Los Angeles                             
0.12866527466581573;0.32894736842105265;0.8888888888888888;0.0;0.0;18548;38;8;0;F ;1;Los Angeles                             
0.33066725861387236;0.5394736842105263;0.3333333333333333;0.0;0.0;47668;54;3;0;F ;1;Los Angeles                             
0.3090658101930534;0.6052631578947368;1.0;0.4;1.0;44554;59;9;2;F ;4;New York City                           
0.10879804657422117;0.5263157894736842;0.3333333333333333;0.4;0.3333333333333333;15684;53;3;2;F ;2;Chicago                                 
0.0;0.03947368421052633;0.1111111111111111;0.0;0.0;0;16;1;0;M ;1;Los Angeles                             
0.013381244060295372;0.868421052631579;0.8888888888888888;0.0;0.3333333333333333;1929;79;8;0;F ;2;Honolulu                                
0.2770729135595219;0.368421052631579;0.1111111111111111;1.0;1.0;39942;41;1;5;F ;4;Honolulu                                
0.06674667203118821;0.4342105263157895;0.6666666666666666;0.2;0.3333333333333333;9622;46;6;1;M ;2;Honolulu                                
0.1791727075341468;0.21052631578947367;0.8888888888888888;0.0;0.0;25829;29;8;0;F ;1;Washington                              
0.0;0.026315789473684237;0.0;0.0;0.0;0;15;0;0;M ;1;Houston                                 
0.12224172256636862;0.4078947368421053;0.1111111111111111;0.0;0.3333333333333333;17622;44;1;0;M ;2;San Francisco                           
0.061578695450099544;0.17105263157894735;0.5555555555555556;0.0;0.0;8877;26;5;0;F ;1;Los Angeles                             
0.16198311563087467;0.5;0.1111111111111111;0.4;0.3333333333333333;23351;51;1;2;F ;2;Philadelphia                            
0.0;0.026315789473684237;0.0;0.0;0.0;0;15;0;0;M ;1;Portland                                
0.07294824392849462;0.368421052631579;0.1111111111111111;0.2;1.0;10516;41;1;1;M ;4;Riverside                               
0.0;0.05263157894736842;0.2222222222222222;0.0;0.0;0;17;2;0;M ;1;Toledo                                  
0.04407694388756703;0.6973684210526315;0.6666666666666666;0.0;0.3333333333333333;6354;66;6;0;M ;2;Seattle                                 
0.145778560874602;0.06578947368421054;0.3333333333333333;0.0;0.0;21015;18;3;0;M ;1;Sacramento                              
0.18386203930436953;0.48684210526315785;0.0;0.2;0.3333333333333333;26505;50;0;1;F ;2;Newark                                  
0.02190667119876246;0.881578947368421;0.0;0.0;0.3333333333333333;3158;80;0;0;M ;2;New York City                           
0.46428546653995295;0.5921052631578947;0.8888888888888888;0.0;0.3333333333333333;66930;58;8;0;F ;2;Indianapolis                            
0.13522756439160083;0.4342105263157895;0.6666666666666666;0.0;0.0;19494;46;6;0;F ;1;New York City                           
0.13411766338089723;0.381578947368421;0.2222222222222222;0.4;1.0;19334;42;2;2;F ;4;Chicago                                 
0.04504117039061579;0.8026315789473684;0.4444444444444444;0.0;0.3333333333333333;6493;74;4;0;F ;2;Rochester                               
0.021996850655882128;0.11842105263157898;0.1111111111111111;0.2;0.3333333333333333;3171;22;1;1;F ;2;Sacramento                              
0.062265446700472404;0.19736842105263158;0.7777777777777777;0.2;0.3333333333333333;8976;28;7;1;F ;2;New York City                           
0.21271252870134644;0.5657894736842105;0.6666666666666666;0.2;0.3333333333333333;30664;56;6;1;F ;2;Los Angeles                             
0.1508841055238386;0.6710526315789473;0.4444444444444444;0.0;0.3333333333333333;21751;64;4;0;M ;2;Denver                                  
0.1687465749148498;0.618421052631579;0.0;0.0;0.3333333333333333;24326;60;0;0;F ;2;Milwaukee                               
0.5278064887587838;0.513157894736842;0.2222222222222222;0.2;0.3333333333333333;76087;52;2;1;M ;2;San Francisco                           
0.3926066718924506;0.2368421052631579;0.1111111111111111;0.4;0.3333333333333333;56597;31;1;2;F ;2;Detroit                                 
0.252016898242888;0.4342105263157895;0.6666666666666666;0.2;0.3333333333333333;36330;46;6;1;M ;2;Omaha                                   
0.2774128207440499;0.35526315789473684;0.0;0.0;0.0;39991;40;0;0;F ;1;Tucson                                  
0.16887143877855393;0.25;0.2222222222222222;0.4;0.3333333333333333;24344;32;2;2;F ;2;Chicago                                 
0.0;0.026315789473684237;0.7777777777777777;0.0;0.0;0;15;7;0;M ;1;Portland                                
0.1502736599679516;0.5394736842105263;0.4444444444444444;0.2;0.3333333333333333;21663;54;4;1;F ;2;Honolulu                                
0.09120611555456898;0.4605263157894737;0.8888888888888888;0.0;0.0;13148;48;8;0;M ;1;Cleveland                               
0.1573978370804054;0.15789473684210525;0.4444444444444444;0.0;0.0;22690;25;4;0;F ;1;New York City                           
0.06954223520189794;0.2894736842105263;0.5555555555555556;0.0;0.3333333333333333;10025;35;5;0;F ;2;New York City                           
0.30048488800405115;0.22368421052631582;0.0;0.6000000000000001;0.3333333333333333;43317;30;0;3;F ;2;San Jose                                
0.17026575192325033;0.513157894736842;0.2222222222222222;0.2;0.3333333333333333;24545;52;2;1;F ;2;Los Angeles                             
0.1251135914315642;0.3026315789473684;0.6666666666666666;0.4;0.3333333333333333;18036;36;6;2;F ;2;New York City                           
0.07106141221029849;0.513157894736842;0.2222222222222222;0.0;0.0;10244;52;2;0;F ;1;Minneapolis                             
0.05557135622966627;0.9078947368421053;0.2222222222222222;0.0;0.3333333333333333;8011;82;2;0;F ;2;Philadelphia                            
0.16960674819814509;0.4078947368421053;0.4444444444444444;0.2;0.3333333333333333;24450;44;4;1;M ;2;Seattle                                 
0.052519128450231344;0.13157894736842107;0.2222222222222222;0.2;1.0;7571;23;2;1;F ;4;Memphis                                 
0.1186137336376312;0.4473684210526315;0.7777777777777777;0.4;0.6666666666666667;17099;47;7;2;F ;3;Los Angeles                             
0.3266091830434873;0.39473684210526316;0.3333333333333333;0.2;0.3333333333333333;47083;43;3;1;F ;2;New York City                           
0.0;0.0;0.5555555555555556;0.0;0.0;0;13;5;0;M ;1;New York City                           
0.0;0.0;0.5555555555555556;0.0;0.0;0;13;5;0;M ;1;Long Beach                              
0.41693431467081027;0.5657894736842105;0.6666666666666666;0.4;0.3333333333333333;60104;56;6;2;M ;2;Sacramento                              
0.13750979834486013;0.5526315789473684;0.5555555555555556;0.2;0.3333333333333333;19823;55;5;1;M ;2;Portland                                
0.1697871071123844;0.4342105263157895;0.6666666666666666;0.0;0.0;24476;46;6;0;F ;1;Norfolk                                 
0.16903792393015948;0.6578947368421052;0.3333333333333333;0.0;0.0;24368;63;3;0;F ;1;New York City                           
0.23913510963740922;0.513157894736842;0.2222222222222222;0.2;0.3333333333333333;34473;52;2;1;M ;2;Milwaukee                               
0.04370235229645456;0.8421052631578947;0.7777777777777777;0.0;0.0;6300;77;7;0;F ;1;Chicago                                 
0.3579985710024487;0.3421052631578947;0.4444444444444444;0.0;0.0;51608;39;4;0;M ;1;Houston                                 
0.05088202445944352;0.19736842105263158;0.7777777777777777;0.2;0.3333333333333333;7335;28;7;1;M ;2;Los Angeles                             
0.20161351859431037;0.2894736842105263;0.5555555555555556;0.6000000000000001;0.3333333333333333;29064;35;5;3;M ;2;New York City                           
0.0;0.026315789473684237;0.0;0.0;0.0;0;15;0;0;F ;1;Long Beach                              
0.10575969255742003;0.21052631578947367;0.4444444444444444;0.0;0.0;15246;29;4;0;M ;1;New York City                           
0.11960570766594754;0.618421052631579;0.0;0.0;0.0;17242;60;0;0;F ;1;Philadelphia                            
1.0;0.5921052631578947;0.5555555555555556;0.0;0.3333333333333333;144157;58;5;0;M ;2;Houston                                 
0.19343493552168817;0.2763157894736842;0.3333333333333333;0.0;0.0;27885;34;3;0;F ;1;San Francisco                           
0.19070874116414743;0.4736842105263158;1.0;0.0;0.0;27492;49;9;0;F ;1;Long Beach                              
0.040150669062203014;0.2894736842105263;0.5555555555555556;0.4;0.3333333333333333;5788;35;5;2;F ;2;Austin                                  
0.0;0.026315789473684237;0.7777777777777777;0.0;0.0;0;15;7;0;F ;1;Portland                                
0.0758409234376409;0.06578947368421054;0.3333333333333333;0.0;0.0;10933;18;3;0;F ;1;Pittsburgh                              
0.10907552182689706;0.368421052631579;0.1111111111111111;0.0;0.0;15724;41;1;0;F ;1;San Diego                               
0.1109415429011425;0.22368421052631582;0.0;0.6000000000000001;0.3333333333333333;15993;30;0;3;F ;2;Miami                                   
0.03076506864044063;0.6842105263157895;0.5555555555555556;0.0;0.3333333333333333;4435;65;5;0;F ;2;New York City                           
0.08598958080426201;0.618421052631579;0.0;0.0;0.3333333333333333;12396;60;0;0;F ;2;New York City                           
0.06332678954195772;0.6973684210526315;0.6666666666666666;0.0;0.3333333333333333;9129;66;6;0;M ;2;Denver                                  
0.05154796506586569;0.3157894736842105;0.7777777777777777;0.2;0.3333333333333333;7431;37;7;1;F ;2;Portland                                
0.11762869649063173;0.2763157894736842;0.4444444444444444;0.0;0.3333333333333333;16957;34;4;0;F ;2;Nashville                               
0.05294921509187899;0.5263157894736842;0.3333333333333333;0.0;0.3333333333333333;7633;53;3;0;F ;2;Seattle                                 
0.0;0.013157894736842118;0.6666666666666666;0.0;0.0;0;14;6;0;F ;1;Los Angeles                             
0.013748898770090943;0.19736842105263158;0.7777777777777777;0.0;0.0;1982;28;7;0;M ;1;Oakland                                 
0.5654182592590024;0.368421052631579;0.1111111111111111;0.2;0.3333333333333333;81509;41;1;1;F ;2;New York City                           
0.1746706715594803;0.5657894736842105;0.6666666666666666;0.2;0.6666666666666667;25180;56;6;1;F ;3;Indianapolis                            
0.24627316051249679;0.381578947368421;0.2222222222222222;0.0;0.0;35502;42;2;0;F ;1;Los Angeles                             
0.0;0.026315789473684237;0.7777777777777777;0.0;0.0;0;15;7;0;F ;1;Long Beach                              
0.16029745347086857;0.7368421052631579;1.0;0.0;0.3333333333333333;23108;69;9;0;F ;2;St Paul                                 
0.12729177216507004;0.32894736842105265;0.5555555555555556;0.4;0.3333333333333333;18350;38;5;2;F ;2;Anaheim                                 
0.08938171576822491;0.631578947368421;0.1111111111111111;0.0;0.3333333333333333;12885;61;1;0;F ;2;Chicago                                 
0.2754219358061003;0.5263157894736842;0.3333333333333333;0.2;0.3333333333333333;39704;53;3;1;F ;2;Los Angeles                             
0.38195162218969597;0.22368421052631582;0.0;0.0;0.0;55061;30;0;0;M ;1;Baltimore                               
0.3416968999077395;0.4736842105263158;1.0;0.0;0.3333333333333333;49258;49;9;0;F ;2;New York City                           
0.053767767087272905;0.368421052631579;0.1111111111111111;0.4;1.0;7751;41;1;2;F ;4;Corpus Christi                          
0.0;0.0;0.5555555555555556;0.0;0.0;0;13;5;0;F ;1;Los Angeles                             
0.0;0.026315789473684237;0.7777777777777777;0.0;0.0;0;15;7;0;F ;1;St Louis                                
0.17018944622876447;0.35526315789473684;0.0;0.0;0.0;24534;40;0;0;F ;1;Phoenix                                 
0.0;0.03947368421052633;0.1111111111111111;0.0;0.0;0;16;1;0;F ;1;Anaheim                                 
0.22135588282220078;0.4078947368421053;0.4444444444444444;0.0;0.0;31910;44;4;0;M ;1;New York City                           
0.0;0.05263157894736842;0.2222222222222222;0.0;0.0;0;17;2;0;F ;1;Chicago                                 
0.15261832585306298;0.4078947368421053;0.4444444444444444;0.0;0.0;22001;44;4;0;F ;1;Nashville                               
0.10204846105287985;0.7894736842105263;0.3333333333333333;0.0;0.3333333333333333;14711;73;3;0;M ;2;Chicago                                 
0.3967479900386384;0.2368421052631579;0.1111111111111111;0.6000000000000001;1.0;57194;31;1;3;M ;4;Los Angeles                             
0.20024695297488154;0.8421052631578947;0.7777777777777777;0.0;0.3333333333333333;28867;77;7;0;F ;2;Houston                                 
0.10772976685141894;0.5789473684210527;0.7777777777777777;0.4;0.3333333333333333;15530;57;7;2;M ;2;Long Beach                              
0.14466865986389837;0.3026315789473684;0.6666666666666666;0.4;0.3333333333333333;20855;36;6;2;F ;2;New York City                           
0.21532079607649993;0.618421052631579;0.0;0.0;0.3333333333333333;31040;60;0;0;F ;2;Seattle                                 
0.06111392440186741;0.2894736842105263;0.5555555555555556;0.4;0.3333333333333333;8810;35;5;2;F ;2;New Orleans                             
0.16097726783992453;0.6710526315789473;0.4444444444444444;0.0;0.6666666666666667;23206;64;4;0;M ;3;Los Angeles                             
0.40041760025527723;0.5789473684210527;0.7777777777777777;0.2;1.0;57723;57;7;1;M ;4;New York City                           
0.02770590397968881;0.9736842105263157;0.7777777777777777;0.0;0.3333333333333333;3994;87;7;0;M ;2;New York City                           
0.62603966508737;0.5526315789473684;0.5555555555555556;0.0;1.0;90248;55;5;0;M ;4;New York City                           
0.06486677719430899;0.4342105263157895;0.6666666666666666;0.0;0.0;9351;46;6;0;F ;1;Tucson                                  
0.0557586520252225;0.11842105263157898;0.1111111111111111;0.0;0.0;8038;22;1;0;F ;1;Baltimore                               
0.007207419688256554;0.868421052631579;1.0;0.0;0.3333333333333333;1039;79;9;0;M ;2;St Paul                                 
0.05199192547014713;0.986842105263158;0.8888888888888888;0.0;0.3333333333333333;7495;88;8;0;M ;2;El Paso                                 
0.2364089152798685;0.4736842105263158;0.2222222222222222;0.0;0.0;34080;49;2;0;F ;1;Houston                                 
0.10319998335148484;0.2631578947368421;0.3333333333333333;0.6000000000000001;0.3333333333333333;14877;33;3;3;F ;2;Chicago                                 
0.02029037785192533;0.21052631578947367;0.8888888888888888;0.4;1.0;2925;29;8;2;F ;4;Sacramento                              
0.5850218858605548;0.39473684210526316;0.3333333333333333;0.8;1.0;84335;43;3;4;F ;4;Los Angeles                             
0.08279167851717224;0.618421052631579;0.0;0.0;0.3333333333333333;11935;60;0;0;F ;2;Lexington                               
0.5778075292909813;0.5921052631578947;0.8888888888888888;0.2;1.0;83295;58;8;1;M ;4;Austin                                  
0.30452908981180243;0.3026315789473684;0.6666666666666666;0.4;0.3333333333333333;43900;36;6;2;F ;2;New York City                           
0.47818003981769874;0.513157894736842;0.2222222222222222;0.2;0.6666666666666667;68933;52;2;1;M ;3;St Louis                                
0.11391746498609155;0.25;0.2222222222222222;0.6000000000000001;0.3333333333333333;16422;32;2;3;M ;2;Kansas City                             
0.168392793967688;0.5526315789473684;0.5555555555555556;0.2;0.6666666666666667;24275;55;5;1;F ;3;Kansas City                             
0.21279577127714921;0.4342105263157895;0.4444444444444444;1.0;1.0;30676;46;4;5;M ;4;Long Beach                              
0.0;0.013157894736842118;0.6666666666666666;0.0;0.0;0;14;6;0;M ;1;Oklahoma City                           
0.08895162912657727;0.6973684210526315;0.6666666666666666;0.0;0.0;12823;66;6;0;F ;1;Tulsa                                   
0.04409081765020082;0.06578947368421054;0.3333333333333333;0.0;0.0;6356;18;3;0;F ;1;Rochester                               
0.09580526786767204;0.48684210526315785;0.0;0.0;0.6666666666666667;13811;50;0;0;F ;3;Omaha                                   
0.03806960466713375;0.2631578947368421;0.3333333333333333;0.6000000000000001;0.3333333333333333;5488;33;3;3;F ;2;San Diego                               
0.0;0.03947368421052633;0.1111111111111111;0.0;0.0;0;16;1;0;F ;1;Houston                                 
0.19179783153090033;0.5921052631578947;0.8888888888888888;0.2;0.3333333333333333;27649;58;8;1;M ;2;Anaheim                                 
0.08285411044902433;0.35526315789473684;0.0;0.2;0.3333333333333333;11944;40;0;1;M ;2;Portland                                
0.019208224366489314;0.06578947368421054;0.3333333333333333;0.0;0.0;2769;18;3;0;F ;1;San Francisco                           
0.12180469904340406;0.5;0.1111111111111111;0.0;0.3333333333333333;17559;51;1;0;F ;2;Los Angeles                             
0.0846438258287839;0.868421052631579;1.0;0.0;0.3333333333333333;12202;79;9;0;M ;2;Memphis                                 
0.12586277461378914;0.19736842105263158;0.5555555555555556;0.0;0.0;18144;28;5;0;F ;1;Louisville                              
0.24138265918408403;0.7368421052631579;1.0;0.0;0.0;34797;69;9;0;M ;1;Riverside                               
0.09222583710815292;0.32894736842105265;0.8888888888888888;0.6000000000000001;0.3333333333333333;13295;38;8;3;F ;2;Los Angeles                             
0.0;0.026315789473684237;0.0;0.0;0.0;0;15;0;0;M ;1;Austin                                  
0.39337666571862623;0.35526315789473684;0.0;0.0;0.0;56708;40;0;0;M ;1;Dallas                                  
0.5484090262699696;0.5789473684210527;0.6666666666666666;0.0;0.6666666666666667;79057;57;6;0;M ;3;Memphis                                 
0.5211054614066608;0.5921052631578947;0.8888888888888888;0.0;1.0;75121;58;8;0;F ;4;Chicago                                 
0.08503229118253015;0.3421052631578947;1.0;0.6000000000000001;0.3333333333333333;12258;39;9;3;F ;2;San Francisco                           
0.01834111420187712;0.13157894736842107;0.2222222222222222;0.2;0.3333333333333333;2644;23;2;1;M ;2;Corpus Christi                          
0.20022614233093086;0.6052631578947368;1.0;0.2;1.0;28864;59;9;1;M ;4;San Diego                               
0.0;0.026315789473684237;0.0;0.0;0.0;0;15;0;0;F ;1;San Francisco                           
0.025097636604535335;1.0;1.0;0.0;0.3333333333333333;3618;89;9;0;F ;2;Milwaukee                               
0.03045984586249714;0.6973684210526315;0.6666666666666666;0.0;1.0;4391;66;6;0;F ;4;Phoenix                                 
0.26367085885527586;0.618421052631579;0.0;0.0;0.3333333333333333;38010;60;0;0;M ;2;Cleveland                               
0.3072205997627587;0.2763157894736842;0.4444444444444444;0.2;0.3333333333333333;44288;34;4;1;F ;2;Los Angeles                             
0.04028940668854097;0.07894736842105265;0.1111111111111111;0.0;0.0;5808;19;1;0;F ;1;Chicago                                 
0.34497804477063204;0.6447368421052632;0.2222222222222222;0.0;0.3333333333333333;49731;62;2;0;F ;2;Chicago                                 
0.01947182585653142;0.5394736842105263;0.2222222222222222;0.0;0.3333333333333333;2807;54;2;0;F ;2;Minneapolis                             
0.6630618006756522;0.5263157894736842;0.3333333333333333;0.2;0.3333333333333333;95585;53;3;1;M ;2;Denver                                  
0.10956804040039679;0.6578947368421052;0.3333333333333333;0.0;0.3333333333333333;15795;63;3;0;M ;2;Cincinnati                              
0.03209001297196806;0.8552631578947367;0.8888888888888888;0.0;0.6666666666666667;4626;78;8;0;F ;3;New York City                           
0.07041628224782702;0.2763157894736842;0.4444444444444444;0.0;1.0;10151;34;4;0;M ;4;Anaheim                                 
0.031937401582996315;0.6842105263157895;0.5555555555555556;0.0;0.3333333333333333;4604;65;5;0;F ;2;New York City                           
0.38623167796222174;0.39473684210526316;0.3333333333333333;1.0;0.3333333333333333;55678;43;3;5;M ;2;Kansas City                             
0.28370457209847594;0.3421052631578947;0.8888888888888888;0.2;0.3333333333333333;40898;39;8;1;M ;2;New York City                           
0.2725570038222216;0.5921052631578947;0.8888888888888888;0.2;1.0;39291;58;8;1;F ;4;Chicago                                 
0.601732832952961;0.5789473684210527;0.7777777777777777;0.0;0.3333333333333333;86744;57;7;0;M ;2;Virginia Beach                          
0.02371719722247272;0.19736842105263158;0.7777777777777777;0.0;0.0;3419;28;7;0;F ;1;Dayton                                  
0.20368764610806273;0.3026315789473684;0.6666666666666666;0.6000000000000001;1.0;29363;36;6;3;F ;4;Sacramento                              
0.2544101222972176;0.3026315789473684;0.6666666666666666;0.4;0.3333333333333333;36675;36;6;2;M ;2;Fresno                                  
0.5118377879672856;0.39473684210526316;0.2222222222222222;0.6000000000000001;1.0;73785;43;2;3;M ;4;San Jose                                
0.07633344201114063;0.7763157894736842;0.2222222222222222;0.0;0.3333333333333333;11004;72;2;0;F ;2;Milwaukee                               
0.07890702497970963;0.17105263157894735;0.5555555555555556;0.2;0.3333333333333333;11375;26;5;1;M ;2;Houston                                 
0.06832134409012396;0.618421052631579;0.0;0.0;0.3333333333333333;9849;60;0;0;F ;2;New York City                           
0.1372739443800856;0.3421052631578947;1.0;0.0;0.0;19789;39;9;0;M ;1;Louisville                              
0.14704801015559424;0.48684210526315785;0.0;0.2;0.3333333333333333;21198;50;0;1;F ;2;San Francisco                           
0.25578362479796335;0.6052631578947368;1.0;0.0;0.3333333333333333;36873;59;9;0;F ;2;Milwaukee                               
0.06669117698065304;0.6842105263157895;0.5555555555555556;0.0;0.3333333333333333;9614;65;5;0;F ;2;New York City                           
0.03483701797345949;0.9342105263157894;0.4444444444444444;0.0;0.3333333333333333;5022;84;4;0;M ;2;Houston                                 
0.20807175510034198;0.2368421052631579;0.1111111111111111;0.0;0.3333333333333333;29995;31;1;0;M ;2;Houston                                 
0.042349660439659535;0.17105263157894735;0.5555555555555556;0.2;0.3333333333333333;6105;26;5;1;F ;2;Memphis                                 
0.21157488016537526;0.5789473684210527;0.7777777777777777;0.4;0.3333333333333333;30500;57;7;2;F ;2;Austin                                  
0.48164154359483063;0.5921052631578947;0.8888888888888888;0.4;0.3333333333333333;69432;58;8;2;F ;2;San Francisco                           
0.08755037910056397;0.6973684210526315;0.6666666666666666;0.0;1.0;12621;66;6;0;F ;4;New York City                           
0.2096603009219115;0.7894736842105263;0.3333333333333333;0.0;0.3333333333333333;30224;73;3;0;M ;2;San Diego                               
0.13030931553792047;0.19736842105263158;0.7777777777777777;0.0;0.0;18785;28;7;0;M ;1;Minneapolis                             
0.0;0.013157894736842118;0.6666666666666666;0.0;0.0;0;14;6;0;F ;1;San Francisco                           
0.3084969859250678;0.4473684210526315;0.6666666666666666;0.0;0.0;44472;47;6;0;F ;1;San Francisco                           
0.0;0.03947368421052633;0.1111111111111111;0.0;0.0;0;16;1;0;F ;1;Cincinnati                              
0.3996476064291016;0.5921052631578947;0.8888888888888888;0.4;0.3333333333333333;57612;58;8;2;M ;2;Chicago                                 
0.1556428061072303;0.6710526315789473;0.4444444444444444;0.0;0.3333333333333333;22437;64;4;0;M ;2;San Antonio                             
0.10458735961486434;0.8026315789473684;0.4444444444444444;0.0;0.3333333333333333;15077;74;4;0;F ;2;Baltimore                               
0.0687861151383561;0.2631578947368421;0.3333333333333333;0.4;0.3333333333333333;9916;33;3;2;F ;2;Columbus                                
0.08825100411357062;0.4736842105263158;1.0;0.0;0.0;12722;49;9;0;F ;1;Los Angeles                             
0.15786954500995443;0.22368421052631582;0.0;0.4;0.3333333333333333;22758;30;0;2;F ;2;Los Angeles                             
0.2051860124725126;0.39473684210526316;0.3333333333333333;0.0;0.0;29579;43;3;0;M ;1;Sacramento                              
0.12217235375319964;0.22368421052631582;0.0;0.6000000000000001;1.0;17612;30;0;3;F ;4;New York City                           
0.1290051818503437;0.07894736842105265;0.4444444444444444;0.0;0.0;18597;19;4;0;M ;1;Los Angeles                             
0.11699050340947717;0.07894736842105265;0.4444444444444444;0.0;0.0;16865;19;4;0;F ;1;St Paul                                 
0.1032970996899214;0.39473684210526316;0.3333333333333333;0.8;0.3333333333333333;14891;43;3;4;M ;2;Oklahoma City                           
0.07235167213524143;0.17105263157894735;0.5555555555555556;0.0;0.0;10430;26;5;0;F ;1;New York City                           
0.0;0.013157894736842118;0.6666666666666666;0.0;0.0;0;14;6;0;F ;1;Santa Ana                               
0.05394812600151224;0.06578947368421054;0.3333333333333333;0.0;0.0;7777;18;3;0;F ;1;Los Angeles                             
0.19294241694818842;0.14473684210526316;0.3333333333333333;0.4;0.3333333333333333;27814;24;3;2;F ;2;Austin                                  
0.2889211068487829;0.22368421052631582;0.0;0.6000000000000001;0.6666666666666667;41650;30;0;3;M ;3;Boston                                  
0.1310446249575116;0.7368421052631579;1.0;0.0;0.6666666666666667;18891;69;9;0;M ;3;Indianapolis                            
0.25993187982546806;0.5526315789473684;0.5555555555555556;0.2;0.3333333333333333;37471;55;5;1;F ;2;Baltimore                               
0.0;0.0;0.2222222222222222;0.0;0.0;0;13;2;0;M ;1;Houston                                 
0.0;0.05263157894736842;0.2222222222222222;0.0;0.0;0;17;2;0;F ;1;Philadelphia                            
0.1970213031625242;0.8026315789473684;0.4444444444444444;0.0;0.3333333333333333;28402;74;4;0;M ;2;Milwaukee                               
0.18939767059525378;0.6052631578947368;1.0;0.2;0.6666666666666667;27303;59;9;1;F ;3;Boston                                  
0.09375195099787037;0.13157894736842107;0.2222222222222222;0.2;1.0;13515;23;2;1;M ;4;Milwaukee                               
0.2034934134311896;0.48684210526315785;0.0;0.0;0.3333333333333333;29335;50;0;0;F ;2;Los Angeles                             
0.04120507502237144;0.19736842105263158;0.3333333333333333;0.2;0.3333333333333333;5940;28;3;1;F ;2;Louisville                              
0.04297397975818032;0.8157894736842105;0.5555555555555556;0.0;1.0;6195;75;5;0;F ;4;Riverside                               
0.0953821181073413;0.07894736842105265;0.1111111111111111;0.0;0.0;13750;19;1;0;M ;1;Chicago                                 
0.09096332470847757;0.07894736842105265;0.4444444444444444;0.0;0.0;13113;19;4;0;F ;1;Chicago                                 
0.5835304563774218;0.5789473684210527;0.7777777777777777;0.0;0.3333333333333333;84120;57;7;0;M ;2;Mesa                                    
0.2848907788036654;0.5789473684210527;0.7777777777777777;0.0;0.0;41069;57;7;0;M ;1;New York City                           
0.023585396477451667;0.06578947368421054;0.3333333333333333;0.0;0.0;3400;18;3;0;F ;1;Tulsa                                   
0.13375694555241854;0.35526315789473684;0.0;0.8;1.0;19282;40;0;4;M ;4;Oakland                                 
0.040039678961132655;0.06578947368421054;0.3333333333333333;0.0;0.0;5772;18;3;0;M ;1;Houston                                 
0.34292472790083034;0.4078947368421053;0.4444444444444444;0.8;0.3333333333333333;49435;44;4;4;M ;2;Jacksonville                            
0.06344471652434498;0.881578947368421;0.0;0.0;1.0;9146;80;0;0;M ;4;Jacksonville                            
0.13623341218255097;0.3026315789473684;0.3333333333333333;0.6000000000000001;0.6666666666666667;19639;36;3;3;F ;3;San Francisco                           
0.22710655743390887;0.6052631578947368;1.0;0.0;0.0;32739;59;9;0;F ;1;Detroit                                 
0.24178499830046407;0.35526315789473684;0.0;0.4;1.0;34855;40;0;2;M ;4;Fort Worth                              
0.0866069632414659;0.14473684210526316;0.3333333333333333;0.4;1.0;12485;24;3;2;M ;4;Atlanta                                 
0.0860381389734803;0.2368421052631579;0.1111111111111111;0.6000000000000001;0.3333333333333333;12403;31;1;3;M ;2;Chicago                                 
0.0;0.03947368421052633;0.1111111111111111;0.0;0.0;0;16;1;0;M ;1;Houston                                 
0.2258024237463321;0.4473684210526315;0.7777777777777777;1.0;0.3333333333333333;32551;47;7;5;M ;2;San Francisco                           
0.02247549546674806;0.6710526315789473;0.1111111111111111;0.0;0.0;3240;64;1;0;M ;1;Santa Ana                               
0.018833632775376846;0.631578947368421;0.1111111111111111;0.0;0.3333333333333333;2715;61;1;0;M ;2;Philadelphia                            
0.3165229576087183;0.4078947368421053;0.4444444444444444;0.4;0.6666666666666667;45629;44;4;2;F ;3;Detroit                                 
0.04262019881101854;0.11842105263157898;0.1111111111111111;0.0;0.3333333333333333;6144;22;1;0;F ;2;Dallas                                  
0.0;0.03947368421052633;0.1111111111111111;0.0;0.0;0;16;1;0;F ;1;Norfolk                                 
0.023162246717120916;0.09210526315789475;0.5555555555555556;0.0;0.0;3339;20;5;0;F ;1;Sacramento                              
0.0;0.026315789473684237;0.7777777777777777;0.0;0.0;0;15;7;0;M ;1;Wichita                                 
0.08397788522236173;0.07894736842105265;0.4444444444444444;0.0;0.0;12106;19;4;0;M ;1;Houston                                 
0.0;0.05263157894736842;0.2222222222222222;0.0;0.0;0;17;2;0;F ;1;New York City                           
0.0;0.026315789473684237;0.5555555555555556;0.0;0.0;0;15;5;0;M ;1;Los Angeles                             
0.4292889002962048;0.513157894736842;0.2222222222222222;0.4;0.3333333333333333;61885;52;2;2;F ;2;Los Angeles                             
0.2154179124149365;0.5526315789473684;0.5555555555555556;0.4;0.3333333333333333;31054;55;5;2;M ;2;St Paul                                 
0.16629785580998493;0.42105263157894735;0.5555555555555556;0.0;0.0;23973;45;5;0;F ;1;Honolulu                                
0.16539606123878828;0.6052631578947368;1.0;0.2;0.3333333333333333;23843;59;9;1;F ;2;Chicago                                 
0.0246328655563032;0.1842105263157895;0.4444444444444444;0.4;0.3333333333333333;3551;27;4;2;F ;2;Fresno                                  
0.08829262540147201;0.2894736842105263;0.2222222222222222;0.0;0.0;12728;35;2;0;M ;1;Tampa                                   
0.03127146097657415;0.7368421052631579;0.4444444444444444;0.0;0.0;4508;69;4;0;F ;1;Charlotte                               
0.13013589350499802;0.4605263157894737;0.5555555555555556;0.0;0.0;18760;48;5;0;F ;1;New York City                           
0.25137176828041646;0.368421052631579;0.1111111111111111;0.0;0.0;36237;41;1;0;M ;1;Boston                                  
0.3442288615884071;0.5526315789473684;0.5555555555555556;0.2;1.0;49623;55;5;1;F ;4;Houston                                 
0.8962173186178958;0.5526315789473684;0.5555555555555556;0.4;0.6666666666666667;129196;55;5;2;M ;3;Chicago                                 
0.2754149989247834;0.32894736842105265;0.8888888888888888;0.0;0.0;39703;38;8;0;F ;1;Newark                                  
0.1338818094161227;0.5789473684210527;0.7777777777777777;0.2;0.3333333333333333;19300;57;7;1;M ;2;Fresno                                  
0.1890855109359934;0.7368421052631579;1.0;0.0;0.3333333333333333;27258;69;9;0;F ;2;Los Angeles                             
0.17814604909924597;0.5657894736842105;0.6666666666666666;0.4;0.3333333333333333;25681;56;6;2;M ;2;Tulsa                                   
0.18450716926684102;0.5789473684210527;0.6666666666666666;0.0;0.3333333333333333;26598;57;6;0;M ;2;San Francisco                           
0.08193844211519385;0.25;0.2222222222222222;0.4;1.0;11812;32;2;2;M ;4;Oklahoma City                           
0.20857814743647551;0.7368421052631579;0.5555555555555556;0.0;0.3333333333333333;30068;69;5;0;M ;2;Houston                                 
0.11907156780454643;0.32894736842105265;0.6666666666666666;0.4;0.3333333333333333;17165;38;6;2;M ;2;Houston                                 
0.0880290239114299;0.5526315789473684;0.5555555555555556;0.0;0.3333333333333333;12690;55;5;0;M ;2;Phoenix                                 
0.24631478180039817;0.5657894736842105;0.6666666666666666;0.2;0.3333333333333333;35508;56;6;1;F ;2;Houston                                 
0.05813800231691836;0.4078947368421053;0.4444444444444444;0.0;0.3333333333333333;8381;44;4;0;F ;2;Newark                                  
0.12197812107632651;0.6710526315789473;0.4444444444444444;0.0;1.0;17584;64;4;0;M ;4;Houston                                 
0.07574380709920434;0.7894736842105263;0.3333333333333333;0.0;0.3333333333333333;10919;73;3;0;M ;2;Chicago                                 
0.0899921613241119;0.48684210526315785;0.0;0.4;0.3333333333333333;12973;50;0;2;M ;2;New York City                           
0.05527307033303967;0.7236842105263157;0.8888888888888888;0.0;0.3333333333333333;7968;68;8;0;M ;2;New York City                           
0.19463501598951144;0.25;0.2222222222222222;0.4;1.0;28058;32;2;2;F ;4;New York City                           
0.20284134658740124;0.5921052631578947;0.5555555555555556;0.4;0.3333333333333333;29241;58;5;2;F ;2;Houston                                 
0.0;0.026315789473684237;0.7777777777777777;0.0;0.0;0;15;7;0;F ;1;Chicago                                 
0.0;0.0;0.5555555555555556;0.0;0.0;0;13;5;0;F ;1;Rochester                               
0.13655944560444516;0.6710526315789473;0.4444444444444444;0.0;0.3333333333333333;19686;64;4;0;F ;2;Toledo                                  
0.0;0.026315789473684237;0.7777777777777777;0.0;0.0;0;15;7;0;F ;1;Los Angeles                             
0.30047101424141737;0.2631578947368421;0.3333333333333333;0.6000000000000001;0.6666666666666667;43315;33;3;3;M ;3;Baltimore                               
0.1386474468808313;0.42105263157894735;0.5555555555555556;0.4;0.6666666666666667;19987;45;5;2;F ;3;Wichita                                 
0.27922334676776017;0.35526315789473684;0.0;1.0;0.6666666666666667;40252;40;0;5;F ;3;Houston                                 
0.0;0.03947368421052633;0.1111111111111111;0.0;0.0;0;16;1;0;F ;1;New York City                           
0.03818753164952101;0.06578947368421054;0.3333333333333333;0.0;0.0;5505;18;3;0;F ;1;Charlotte                               
0.0;0.026315789473684237;0.0;0.0;0.0;0;15;0;0;M ;1;Toledo                                  
0.12797852341544289;0.3421052631578947;1.0;0.0;0.3333333333333333;18449;39;9;0;M ;2;Cincinnati                              
0.18565175468412912;0.2368421052631579;0.1111111111111111;0.4;0.3333333333333333;26763;31;1;2;F ;2;New York City                           
0.15732846826723643;0.6710526315789473;0.4444444444444444;0.0;0.0;22680;64;4;0;M ;1;Miami                                   
0.14456460664414492;0.381578947368421;0.2222222222222222;0.2;0.3333333333333333;20840;42;2;1;M ;2;Washington                              
0.0735864370096492;0.6578947368421052;0.3333333333333333;0.0;0.3333333333333333;10608;63;3;0;F ;2;Minneapolis                             
0.18837101216035296;0.11842105263157898;0.1111111111111111;0.2;0.3333333333333333;27155;22;1;1;M ;2;New York City                           
0.0;0.05263157894736842;0.2222222222222222;0.0;0.0;0;17;2;0;F ;1;New York City                           
0.1061412210298494;0.7368421052631579;0.7777777777777777;0.0;0.3333333333333333;15301;69;7;0;M ;2;Kansas City                             
0.06506100987118212;0.7368421052631579;1.0;0.0;0.3333333333333333;9379;69;9;0;F ;2;New York City                           
0.182883939038687;0.368421052631579;0.1111111111111111;0.4;0.3333333333333333;26364;41;1;2;M ;2;Indianapolis                            
0.1242534181482689;0.25;0.2222222222222222;0.6000000000000001;0.3333333333333333;17912;32;2;3;F ;2;Seattle                                 
0.0;0.013157894736842118;0.6666666666666666;0.0;0.0;0;14;6;0;M ;1;Honolulu                                
0.1449045138286729;0.13157894736842107;0.2222222222222222;0.0;0.6666666666666667;20889;23;2;0;F ;3;San Diego                               
0.1251413389568318;0.1842105263157895;0.6666666666666666;0.4;0.3333333333333333;18040;27;6;2;F ;2;New York City                           
0.41789160429254213;0.368421052631579;0.1111111111111111;0.8;0.3333333333333333;60242;41;1;4;F ;2;Los Angeles                             
0.0;0.026315789473684237;0.7777777777777777;0.0;0.0;0;15;7;0;F ;1;Portland                                
0.0;0.0;0.5555555555555556;0.0;0.0;0;13;5;0;F ;1;Corpus Christi                          
0.25152437966938823;0.42105263157894735;0.5555555555555556;0.4;0.3333333333333333;36259;45;5;2;F ;2;Boston                                  
0.3911291161719514;0.2894736842105263;0.2222222222222222;0.4;1.0;56384;35;2;2;M ;4;Chicago                                 
0.1412210298494003;0.381578947368421;0.2222222222222222;0.0;0.0;20358;42;2;0;F ;1;Washington                              
0.5298112474593673;0.5657894736842105;0.6666666666666666;0.2;0.3333333333333333;76376;56;6;1;M ;2;Detroit                                 
0.0;0.05263157894736842;0.2222222222222222;0.0;0.0;0;17;2;0;F ;1;Chicago                                 
0.01746013027463113;0.9210526315789473;0.3333333333333333;0.0;0.0;2517;83;3;0;M ;1;New York City                           
0.12756924741774592;0.32894736842105265;0.8888888888888888;0.4;0.3333333333333333;18390;38;8;2;F ;2;Miami                                   
0.0568893636798768;0.06578947368421054;0.3333333333333333;0.0;0.0;8201;18;3;0;M ;1;Chicago                                 
0.08133493344062376;0.22368421052631582;0.0;0.0;0.0;11725;30;0;0;M ;1;New York City                           
0.20994471305590431;0.2763157894736842;0.4444444444444444;0.0;0.0;30265;34;4;0;F ;1;Oakland                                 
0.08539300901100882;0.35526315789473684;0.0;0.0;0.0;12310;40;0;0;F ;1;Anaheim                                 
0.1548450647557871;0.48684210526315785;0.0;0.0;0.3333333333333333;22322;50;0;0;M ;2;Phoenix                                 
0.02982858966265946;0.14473684210526316;0.3333333333333333;0.0;0.0;4300;24;3;0;F ;1;San Diego                               
0.10804886339199622;0.4342105263157895;0.6666666666666666;0.0;0.0;15576;46;6;0;F ;1;Sacramento                              
0.1231296433749315;0.5657894736842105;0.6666666666666666;0.2;0.3333333333333333;17750;56;6;1;F ;2;New York City                           
0.12613331298514813;0.2631578947368421;0.3333333333333333;0.6000000000000001;0.3333333333333333;18183;33;3;3;F ;2;Los Angeles                             
0.13762772532724737;0.48684210526315785;0.0;0.4;1.0;19840;50;0;2;F ;4;Toledo                                  
0.20698266473358906;0.3026315789473684;0.6666666666666666;0.4;0.3333333333333333;29838;36;6;2;F ;2;Atlanta                                 
0.18916181663047926;0.7236842105263157;0.3333333333333333;0.0;0.3333333333333333;27269;68;3;0;M ;2;Nashville                               
0.5391829741184958;0.5789473684210527;0.7777777777777777;0.2;0.3333333333333333;77727;57;7;1;F ;2;Charlotte                               
0.0;0.05263157894736842;0.2222222222222222;0.0;0.0;0;17;2;0;M ;1;Albuquerque                             
0.05758305181156655;0.9078947368421053;0.2222222222222222;0.0;0.0;8301;82;2;0;M ;1;Indianapolis                            
0.07504318208619769;0.19736842105263158;0.4444444444444444;0.4;0.3333333333333333;10818;28;4;2;F ;2;New York City                           
0.1601379052005799;0.1842105263157895;0.6666666666666666;0.0;0.0;23085;27;6;0;F ;1;Charlotte                               
0.08635723551405759;0.25;0.1111111111111111;0.4;0.3333333333333333;12449;32;1;2;M ;2;Chicago                                 
0.082673751534785;0.07894736842105265;0.4444444444444444;0.0;0.0;11918;19;4;0;F ;1;Louisville                              
0.2904888420264018;0.3157894736842105;0.7777777777777777;0.0;0.0;41876;37;7;0;F ;1;Louisville                              
0.28212990003954025;0.22368421052631582;0.0;0.4;0.6666666666666667;40671;30;0;2;M ;3;Chicago                                 
0.06576163488418876;0.381578947368421;0.2222222222222222;0.4;0.3333333333333333;9480;42;2;2;M ;2;Portland                                
0.2722725916882288;0.5789473684210527;0.7777777777777777;0.0;0.0;39250;57;7;0;F ;1;New York City                           
0.24443488696351895;0.5526315789473684;0.5555555555555556;0.2;0.3333333333333333;35237;55;5;1;M ;2;Tucson                                  
0.20396512136073863;0.3026315789473684;0.6666666666666666;0.4;1.0;29403;36;6;2;M ;4;Los Angeles                             
0.0;0.03947368421052633;0.1111111111111111;0.0;0.0;0;16;1;0;M ;1;Houston                                 
0.2561304688638082;0.5263157894736842;0.2222222222222222;0.2;0.6666666666666667;36923;53;2;1;F ;3;Lexington                               
0.2289864522707881;0.5526315789473684;0.5555555555555556;0.0;0.3333333333333333;33010;55;5;0;F ;2;St Louis                                
0.0;0.03947368421052633;0.1111111111111111;0.0;0.0;0;16;1;0;F ;1;Jersey City                             
0.5730696393515403;0.5657894736842105;0.6666666666666666;0.2;0.3333333333333333;82612;56;6;1;M ;2;Chicago                                 
0.0;0.013157894736842118;0.6666666666666666;0.0;0.0;0;14;6;0;M ;1;Jacksonville                            
0.1868518351519524;0.6710526315789473;0.4444444444444444;0.0;0.0;26936;64;4;0;F ;1;Cleveland                               
0.2171035745749426;0.35526315789473684;0.0;0.0;0.3333333333333333;31297;40;0;0;M ;2;Indianapolis                            
0.3362930693618763;0.4342105263157895;0.6666666666666666;1.0;0.3333333333333333;48479;46;6;5;M ;2;Rochester                               
0.021455773913164118;0.9078947368421053;0.2222222222222222;0.0;0.3333333333333333;3093;82;2;0;M ;2;Indianapolis                            
0.14390560291903964;0.4342105263157895;0.1111111111111111;0.4;0.3333333333333333;20745;46;1;2;M ;2;Corpus Christi                          
0.22933329633663296;0.368421052631579;0.1111111111111111;0.0;0.0;33060;41;1;0;M ;1;Los Angeles                             
0.31537837219143017;0.5789473684210527;0.7777777777777777;0.0;0.3333333333333333;45464;57;7;0;F ;2;Indianapolis                            
0.11828770021573701;0.368421052631579;0.1111111111111111;0.0;0.0;17052;41;1;0;F ;1;New York City                           
0.08347149288622821;0.9473684210526316;0.5555555555555556;0.0;0.3333333333333333;12033;85;5;0;M ;2;Tulsa                                   
0.1426361536380474;0.48684210526315785;0.0;0.4;0.3333333333333333;20562;50;0;2;F ;2;Albuquerque                             
0.7018528409997433;0.48684210526315785;0.0;0.0;0.3333333333333333;101177;50;0;0;F ;2;Los Angeles                             
0.0631186831024508;0.19736842105263158;0.7777777777777777;0.0;0.0;9099;28;7;0;M ;1;Birmingham                              
0.11500655535284447;0.2894736842105263;0.5555555555555556;0.4;0.3333333333333333;16579;35;5;2;M ;2;Nashville                               
0.10252710586374578;0.986842105263158;0.8888888888888888;0.0;1.0;14780;88;8;0;F ;4;Los Angeles                             
0.0;0.026315789473684237;0.7777777777777777;0.0;0.0;0;15;7;0;F ;1;Oklahoma City                           
0.0;0.0;0.5555555555555556;0.0;0.0;0;13;5;0;M ;1;Las Vegas                               
0.2385870960133743;0.5394736842105263;0.4444444444444444;0.0;0.3333333333333333;34394;54;4;0;F ;2;Dallas                                  
0.08712722934023322;0.2368421052631579;0.1111111111111111;0.4;0.3333333333333333;12560;31;1;2;F ;2;Colorado Springs                        
0.08739776771159222;0.3157894736842105;0.3333333333333333;0.0;0.0;12599;37;3;0;M ;1;Boston                                  
0.25795486865015227;0.3026315789473684;0.6666666666666666;0.0;0.0;37186;36;6;0;M ;1;Albuquerque                             
0.3104809339817005;0.5263157894736842;0.2222222222222222;0.2;0.3333333333333333;44758;53;2;1;F ;2;New York City                           
0.0;0.05263157894736842;0.2222222222222222;0.0;0.0;0;17;2;0;F ;1;New York City                           
0.28622266001650976;0.2763157894736842;0.4444444444444444;0.6000000000000001;0.3333333333333333;41261;34;4;3;M ;2;New York City                           
0.3252287436614247;0.3026315789473684;0.4444444444444444;0.4;0.3333333333333333;46884;36;4;2;M ;2;Phoenix                                 
0.04913393036758534;0.8421052631578947;0.7777777777777777;0.0;0.3333333333333333;7083;77;7;0;F ;2;Los Angeles                             
0.0;0.03947368421052633;0.1111111111111111;0.0;0.0;0;16;1;0;M ;1;Chicago                                 
0.09262123934321607;0.4605263157894737;0.8888888888888888;0.0;0.0;13352;48;8;0;F ;1;Columbus                                
0.15951358588205913;0.10526315789473684;0.0;0.0;0.0;22995;21;0;0;F ;1;New York City                           
0.03784762446499303;0.6578947368421052;0.3333333333333333;0.0;1.0;5456;63;3;0;M ;4;San Francisco                           
0.06021906671198762;0.7236842105263157;0.8888888888888888;0.0;0.3333333333333333;8681;68;8;0;F ;2;Birmingham                              
0.0;0.0;0.5555555555555556;0.0;0.0;0;13;5;0;M ;1;Honolulu                                
0.15804296704287688;0.15789473684210525;0.4444444444444444;0.0;0.0;22783;25;4;0;F ;1;New Orleans                             
0.06660793440485027;0.868421052631579;1.0;0.0;0.3333333333333333;9602;79;9;0;M ;2;Honolulu                                
0.14348245315870892;0.4078947368421053;0.4444444444444444;0.0;0.0;20684;44;4;0;M ;1;Los Angeles                             
0.17637714436343707;0.4342105263157895;0.6666666666666666;0.2;0.3333333333333333;25426;46;6;1;F ;2;Honolulu                                
0.04590828055522798;0.3421052631578947;1.0;0.0;0.0;6618;39;9;0;F ;1;Louisville                              
0.09103963040296344;0.6973684210526315;0.6666666666666666;0.0;0.3333333333333333;13124;66;6;0;F ;2;Phoenix                                 
0.0;0.05263157894736842;0.2222222222222222;0.0;0.0;0;17;2;0;F ;1;Philadelphia                            
0.05948375729239649;0.513157894736842;0.2222222222222222;0.2;0.3333333333333333;8575;52;2;1;F ;2;Houston                                 
0.0;0.026315789473684237;0.7777777777777777;0.0;0.0;0;15;7;0;F ;1;Riverside                               
0.18440311604708756;0.13157894736842107;0.2222222222222222;0.4;0.3333333333333333;26583;23;2;2;F ;2;Los Angeles                             
0.21278189751451543;0.6710526315789473;0.4444444444444444;0.0;0.3333333333333333;30674;64;4;0;F ;2;Seattle                                 
0.0557586520252225;0.881578947368421;0.0;0.0;0.3333333333333333;8038;80;0;0;F ;2;Los Angeles                             
0.0;0.026315789473684237;0.0;0.0;0.0;0;15;0;0;M ;1;Newark                                  
0.20200198394805663;0.3026315789473684;0.6666666666666666;0.4;0.6666666666666667;29120;36;6;2;M ;3;Los Angeles                             
0.40152056438466394;0.3421052631578947;1.0;0.0;0.0;57882;39;9;0;F ;1;Philadelphia                            
0.34428435663894225;0.5394736842105263;0.4444444444444444;0.2;0.3333333333333333;49631;54;4;1;F ;2;Jersey City                             
0.09013783583176675;0.17105263157894735;0.5555555555555556;0.2;1.0;12994;26;5;1;F ;4;Los Angeles                             
0.04408388076888393;0.8421052631578947;0.7777777777777777;0.0;0.3333333333333333;6355;77;7;0;M ;2;Rochester                               
0.0;0.026315789473684237;0.7777777777777777;0.0;0.0;0;15;7;0;M ;1;Chicago                                 
0.12350423496604397;0.10526315789473684;0.0;0.2;0.3333333333333333;17804;21;0;1;M ;2;New York City                           
0.13997932809367564;0.4736842105263158;1.0;0.2;0.3333333333333333;20179;49;9;1;F ;2;Omaha                                   
0.3790797533245004;0.4605263157894737;0.8888888888888888;0.0;0.0;54647;48;8;0;M ;1;Fort Worth                              
0.0410524636333997;0.21052631578947367;0.8888888888888888;0.2;0.3333333333333333;5918;29;8;1;M ;2;Sacramento                              
0.0;0.05263157894736842;0.2222222222222222;0.0;0.0;0;17;2;0;F ;1;San Francisco                           
0.0;0.03947368421052633;0.1111111111111111;0.0;0.0;0;16;1;0;M ;1;Los Angeles                             
0.08640579368327587;0.2368421052631579;0.1111111111111111;0.4;0.3333333333333333;12456;31;1;2;M ;2;Chicago                                 
0.057277829033623065;0.21052631578947367;0.8888888888888888;0.0;0.3333333333333333;8257;29;8;0;F ;2;Philadelphia                            
0.20961174275269323;0.4342105263157895;0.6666666666666666;0.0;0.0;30217;46;6;0;F ;1;San Antonio                             
0.35172763029197335;0.5526315789473684;0.5555555555555556;0.2;0.3333333333333333;50704;55;5;1;M ;2;Los Angeles                             
0.15198013277190842;0.5;0.1111111111111111;0.2;0.3333333333333333;21909;51;1;1;M ;2;Honolulu                                
0.4130357873707139;0.5789473684210527;0.7777777777777777;0.0;0.0;59542;57;7;0;M ;1;New York City                           
0.07423156697212067;0.8289473684210527;0.6666666666666666;0.0;0.6666666666666667;10701;76;6;0;F ;3;Dallas                                  
0.16739388305805475;0.4473684210526315;0.7777777777777777;0.2;0.3333333333333333;24131;47;7;1;F ;2;Las Vegas                               
0.10922813321586881;0.22368421052631582;0.0;0.6000000000000001;0.3333333333333333;15746;30;0;3;M ;2;San Jose                                
0.07650686404406307;0.4342105263157895;0.4444444444444444;0.0;0.0;11029;46;4;0;M ;1;Albuquerque                             
0.0;0.026315789473684237;0.3333333333333333;0.0;0.0;0;15;3;0;F ;1;New York City                           
0.21097137149080517;0.3157894736842105;0.3333333333333333;0.0;0.3333333333333333;30413;37;3;0;M ;2;New York City                           
0.0;0.0;0.5555555555555556;0.0;0.0;0;13;5;0;F ;1;Long Beach                              
0.286611125370256;0.5394736842105263;0.4444444444444444;0.2;0.3333333333333333;41317;54;4;1;M ;2;Los Angeles                             
0.07681902370332346;0.513157894736842;0.2222222222222222;0.2;0.3333333333333333;11074;52;2;1;F ;2;Portland                                
0.137787273597536;0.4605263157894737;0.8888888888888888;0.0;0.0;19863;48;8;0;F ;1;Seattle                                 
0.25918963352456004;0.513157894736842;0.2222222222222222;0.2;1.0;37364;52;2;1;F ;4;Toledo                                  
0.22683601906254985;0.5263157894736842;0.3333333333333333;0.2;1.0;32700;53;3;1;F ;4;Houston                                 
0.3043348571349293;0.368421052631579;0.1111111111111111;0.0;0.3333333333333333;43872;41;1;0;F ;2;San Francisco                           
0.09112980986008311;0.7763157894736842;0.2222222222222222;0.0;0.3333333333333333;13137;72;2;0;F ;2;Austin                                  
0.0548984787419272;0.894736842105263;0.1111111111111111;0.0;0.3333333333333333;7914;81;1;0;F ;2;New York City                           
0.09009621454386536;0.3157894736842105;0.7777777777777777;0.6000000000000001;1.0;12988;37;7;3;F ;4;Seattle                                 
0.016939864175863815;0.07894736842105265;0.1111111111111111;0.0;0.0;2442;19;1;0;F ;1;Milwaukee                               
0.0;0.03947368421052633;0.1111111111111111;0.0;0.0;0;16;1;0;M ;1;Sacramento                              
0.26870703469134344;0.4605263157894737;0.7777777777777777;1.0;1.0;38736;48;7;5;M ;4;Jacksonville                            
0.31351235111718473;0.6052631578947368;1.0;0.4;0.3333333333333333;45195;59;9;2;M ;2;Philadelphia                            
0.09362708713416622;0.631578947368421;0.1111111111111111;0.0;0.3333333333333333;13497;61;1;0;F ;2;Denver                                  
0.06103761870738154;0.1842105263157895;0.6666666666666666;0.0;0.3333333333333333;8799;27;6;0;F ;2;Oklahoma City                           
0.05365677698620254;0.5263157894736842;0.3333333333333333;0.2;0.3333333333333333;7735;53;3;1;F ;2;San Francisco                           
0.23381452166734878;0.5657894736842105;0.6666666666666666;0.2;0.3333333333333333;33706;56;6;1;M ;2;Newark                                  
0.08626705605693792;0.21052631578947367;0.8888888888888888;0.0;0.0;12436;29;8;0;M ;1;Los Angeles                             
0.22970095104642854;0.5526315789473684;0.5555555555555556;0.0;0.3333333333333333;33113;55;5;0;M ;2;Indianapolis                            
0.5333837413375695;0.381578947368421;0.2222222222222222;0.0;0.0;76891;42;2;0;F ;1;Philadelphia                            
0.04148948715636424;0.8026315789473684;0.4444444444444444;0.0;0.3333333333333333;5981;74;4;0;F ;2;Los Angeles                             
0.7700215737008955;0.513157894736842;0.2222222222222222;0.0;0.0;111004;52;2;0;M ;1;Jacksonville                            
0.21656943471354148;0.2763157894736842;0.4444444444444444;0.0;0.0;31220;34;4;0;M ;1;Charlotte                               
0.08374203125758721;0.7105263157894737;0.7777777777777777;0.0;0.3333333333333333;12072;67;7;0;M ;2;New York City                           
0.8868664026027179;0.5394736842105263;0.4444444444444444;0.2;0.3333333333333333;127848;54;4;1;M ;2;Los Angeles                             
0.18041440928987146;0.2763157894736842;0.4444444444444444;0.4;1.0;26008;34;4;2;F ;4;Portland                                
0.05731251344020755;0.618421052631579;0.0;0.0;0.3333333333333333;8262;60;0;0;M ;2;Milwaukee                               
0.06973646787877107;0.381578947368421;0.2222222222222222;0.0;0.0;10053;42;2;0;F ;1;Denver                                  
0.16576371594858383;0.2763157894736842;0.4444444444444444;0.2;0.3333333333333333;23896;34;4;1;M ;2;Portland                                
0.29503943617028655;0.3421052631578947;1.0;0.4;0.3333333333333333;42532;39;9;2;M ;2;Denver                                  
0.5008012097921016;0.25;0.2222222222222222;0.0;0.0;72194;32;2;0;M ;1;Dallas                                  
0.15015573298556434;0.4736842105263158;0.6666666666666666;0.0;0.0;21646;49;6;0;F ;1;San Diego                               
0.12078497748982013;0.2631578947368421;0.2222222222222222;0.4;0.6666666666666667;17412;33;2;2;F ;3;Nashville                               
0.0;0.05263157894736842;0.2222222222222222;0.0;0.0;0;17;2;0;F ;1;Indianapolis                            
0.10682103539890536;0.618421052631579;0.0;0.0;0.3333333333333333;15399;60;0;0;M ;2;New York City                           
0.08712722934023322;0.4342105263157895;0.6666666666666666;0.2;0.3333333333333333;12560;46;6;1;M ;2;New York City                           
0.06431182668895717;0.19736842105263158;0.6666666666666666;0.0;0.3333333333333333;9271;28;6;0;M ;2;Washington                              
0.12754843677379524;0.06578947368421054;0.3333333333333333;0.0;0.0;18387;18;3;0;M ;1;Los Angeles                             
0.2537927398600137;0.5;0.1111111111111111;0.0;0.0;36586;51;1;0;F ;1;Phoenix                                 
0.0693618762876586;0.4078947368421053;0.4444444444444444;0.0;0.3333333333333333;9999;44;4;0;M ;2;New York City                           
0.0;0.0;0.5555555555555556;0.0;0.0;0;13;5;0;M ;1;Los Angeles                             
0.0;0.026315789473684237;0.7777777777777777;0.0;0.0;0;15;7;0;F ;1;Los Angeles                             
0.22243109942631992;0.4605263157894737;0.8888888888888888;0.2;0.3333333333333333;32065;48;8;1;M ;2;New York City                           
0.14360731702241306;0.22368421052631582;0.0;0.2;0.6666666666666667;20702;30;0;1;F ;3;Detroit                                 
0.13241119057694042;0.513157894736842;0.2222222222222222;0.4;0.3333333333333333;19088;52;2;2;F ;2;Sacramento                              
0.06246661625866243;0.17105263157894735;0.5555555555555556;0.2;0.3333333333333333;9005;26;5;1;F ;2;Los Angeles                             
0.06586568810394224;0.15789473684210525;0.4444444444444444;0.4;0.6666666666666667;9495;25;4;2;F ;3;Baltimore                               
0.04014373218088612;0.06578947368421054;0.3333333333333333;0.0;0.0;5787;18;3;0;M ;1;Long Beach                              
0.19487780683560285;0.7368421052631579;1.0;0.0;0.3333333333333333;28093;69;9;0;M ;2;Chicago                                 
0.4096020311188496;0.5526315789473684;0.5555555555555556;0.0;0.0;59047;55;5;0;M ;1;San Antonio                             
0.06755135026394833;0.5657894736842105;0.6666666666666666;0.2;0.3333333333333333;9738;56;6;1;F ;2;Milwaukee                               
0.04973050216083853;0.3421052631578947;1.0;0.0;0.0;7169;39;9;0;F ;1;Tucson                                  
0.06216139348071894;0.9605263157894737;0.6666666666666666;0.0;1.0;8961;86;6;0;M ;4;Las Vegas                               
0.39695609647814534;0.2894736842105263;0.5555555555555556;0.4;0.3333333333333333;57224;35;5;2;M ;2;Austin                                  
0.3033983781571481;0.6973684210526315;0.6666666666666666;0.0;0.3333333333333333;43737;66;6;0;M ;2;Los Angeles                             
0.3437432798962243;0.5263157894736842;0.3333333333333333;0.2;0.3333333333333333;49553;53;3;1;F ;2;Pittsburgh                              
0.019229035010440005;0.11842105263157898;0.1111111111111111;0.2;1.0;2772;22;1;1;F ;4;Jersey City                             
0.39051867061606443;0.32894736842105265;0.8888888888888888;0.4;0.3333333333333333;56296;38;8;2;M ;2;Chicago                                 
0.0;0.03947368421052633;0.1111111111111111;0.0;0.0;0;16;1;0;M ;1;Chicago                                 
0.07799829352719605;0.7763157894736842;0.2222222222222222;0.0;0.3333333333333333;11244;72;2;0;F ;2;St Paul                                 
0.09959280506669811;0.8421052631578947;0.7777777777777777;0.0;0.3333333333333333;14357;77;7;0;F ;2;Chicago                                 
0.1319325457660745;0.75;0.0;0.0;1.0;19019;70;0;0;F ;4;Philadelphia                            
0.20925102492421457;0.3157894736842105;0.7777777777777777;0.6000000000000001;0.3333333333333333;30165;37;7;3;M ;2;Miami                                   
0.16710947092406195;0.7105263157894737;0.7777777777777777;0.0;0.3333333333333333;24090;67;7;0;M ;2;Lexington                               
0.0;0.013157894736842118;0.6666666666666666;0.0;0.0;0;14;6;0;F ;1;Portland                                
0.15517109817768127;0.25;0.2222222222222222;0.0;0.0;22369;32;2;0;F ;1;Detroit                                 
0.09185124551704045;0.06578947368421054;0.3333333333333333;0.0;0.0;13241;18;3;0;F ;1;New York City                           
0.5363735371851523;0.3026315789473684;0.6666666666666666;0.4;0.3333333333333333;77322;36;6;2;M ;2;New York City                           
0.5403344964171009;0.2894736842105263;0.2222222222222222;0.0;0.0;77893;35;2;0;M ;1;New York City                           
0.21772789389346336;0.381578947368421;0.2222222222222222;0.0;0.0;31387;42;2;0;F ;1;Los Angeles                             
0.05301164702373107;0.6973684210526315;0.6666666666666666;0.0;0.3333333333333333;7642;66;6;0;F ;2;Denver                                  
0.0;0.013157894736842118;0.6666666666666666;0.0;0.0;0;14;6;0;F ;1;Long Beach                              
0.19564780066177848;0.35526315789473684;0.0;0.0;0.0;28204;40;0;0;F ;1;Los Angeles                             
0.13627503347045236;0.3421052631578947;0.6666666666666666;0.4;0.3333333333333333;19645;39;6;2;M ;2;Anaheim                                 
0.08200087404704592;0.21052631578947367;0.8888888888888888;0.0;0.3333333333333333;11821;29;8;0;M ;2;Los Angeles                             
0.011036578175184001;0.15789473684210525;0.4444444444444444;0.0;0.0;1591;25;4;0;M ;1;Los Angeles                             
0.0;0.0;0.5555555555555556;0.0;0.0;0;13;5;0;F ;1;Los Angeles                             
0.15023203868005022;0.4736842105263158;1.0;0.0;0.0;21657;49;9;0;F ;1;Dallas                                  
0.0;0.05263157894736842;0.2222222222222222;0.0;0.0;0;17;2;0;M ;1;Austin                                  
0.0;0.013157894736842118;0.6666666666666666;0.0;0.0;0;14;6;0;M ;1;Kansas City                             
0.09809443870224824;0.06578947368421054;0.3333333333333333;0.0;0.0;14141;18;3;0;M ;1;St Louis                                
0.6284259522603828;0.48684210526315785;0.0;0.0;0.3333333333333333;90592;50;0;0;M ;2;Los Angeles                             
0.0;0.05263157894736842;0.2222222222222222;0.0;0.0;0;17;2;0;M ;1;Kansas City                             
0.0;0.026315789473684237;0.7777777777777777;0.0;0.0;0;15;7;0;F ;1;San Jose                                
0.12608475481592984;0.7236842105263157;0.8888888888888888;0.0;1.0;18176;68;8;0;F ;4;Phoenix                                 
0.023384226919261637;0.07894736842105265;0.4444444444444444;0.0;0.0;3371;19;4;0;F ;1;Rochester                               
0.6837406438813238;0.39473684210526316;0.3333333333333333;0.2;0.6666666666666667;98566;43;3;1;F ;3;Chicago                                 
0.2092371511615808;0.32894736842105265;0.1111111111111111;0.6000000000000001;0.3333333333333333;30163;38;1;3;M ;2;Los Angeles                             
0.22012111794779304;0.2894736842105263;0.5555555555555556;0.6000000000000001;0.3333333333333333;31732;35;5;3;M ;2;San Diego                               
0.19170071519246376;0.35526315789473684;0.0;0.4;1.0;27635;40;0;2;F ;4;St Louis                                
0.14833827008053718;0.5921052631578947;0.7777777777777777;0.2;0.3333333333333333;21384;58;7;1;F ;2;Anaheim                                 
0.45330438341530416;0.5921052631578947;0.8888888888888888;0.4;0.3333333333333333;65347;58;8;2;F ;2;Long Beach                              
0.7095458423801827;0.5657894736842105;0.6666666666666666;0.4;0.6666666666666667;102286;56;6;2;F ;3;Chicago                                 
0.2100210187503902;0.42105263157894735;0.1111111111111111;0.0;0.0;30276;45;1;0;F ;1;Los Angeles                             
0.179158833771513;0.8157894736842105;0.5555555555555556;0.0;0.3333333333333333;25827;75;5;0;F ;2;Memphis                                 
0.029023911429899345;0.1842105263157895;0.6666666666666666;0.2;0.3333333333333333;4184;27;6;1;F ;2;Corpus Christi                          
0.364477618152431;0.2894736842105263;0.5555555555555556;0.6000000000000001;1.0;52542;35;5;3;M ;4;Anaheim                                 
0.44071394382513507;0.4342105263157895;0.6666666666666666;0.0;0.0;63532;46;6;0;F ;1;Los Angeles                             
0.10789625200302448;0.7894736842105263;0.3333333333333333;0.0;0.3333333333333333;15554;73;3;0;M ;2;Houston                                 
0.04320289684163794;0.9342105263157894;0.4444444444444444;0.0;0.3333333333333333;6228;84;4;0;F ;2;New York City                           
0.3903105641765575;0.4078947368421053;0.4444444444444444;1.0;0.6666666666666667;56266;44;4;5;M ;3;Portland                                
0.050653107375985905;0.07894736842105265;0.4444444444444444;0.0;0.0;7302;19;4;0;F ;1;Wichita                                 
0.13208515715504623;0.32894736842105265;0.8888888888888888;0.6000000000000001;0.3333333333333333;19041;38;8;3;M ;2;San Francisco                           
0.04723322488675541;0.618421052631579;0.0;0.0;0.0;6809;60;0;0;F ;1;Mesa                                    
0.35301789021691626;0.2631578947368421;0.3333333333333333;0.4;0.3333333333333333;50890;33;3;2;M ;2;New York City                           
0.0;0.026315789473684237;0.7777777777777777;0.0;0.0;0;15;7;0;F ;1;San Francisco                           
0.07914981582580104;0.9078947368421053;0.2222222222222222;0.0;0.3333333333333333;11410;82;2;0;M ;2;Milwaukee                               
0.0;0.03947368421052633;0.1111111111111111;0.0;0.0;0;16;1;0;M ;1;San Diego                               
0.05788827458951005;0.07894736842105265;0.4444444444444444;0.0;0.0;8345;19;4;0;F ;1;San Diego                               
0.15512254000846298;0.6578947368421052;0.3333333333333333;0.0;0.3333333333333333;22362;63;3;0;M ;2;Chicago                                 
0.22703025173942298;0.5263157894736842;0.3333333333333333;0.0;0.6666666666666667;32728;53;3;0;M ;3;New York City                           
0.030688762945954757;0.06578947368421054;0.3333333333333333;0.0;0.0;4424;18;3;0;M ;1;Denver                                  
0.2184840139570052;0.15789473684210525;0.4444444444444444;0.2;0.6666666666666667;31496;25;4;1;F ;3;Los Angeles                             
0.27318826002205926;0.14473684210526316;0.3333333333333333;0.2;0.6666666666666667;39382;24;3;1;M ;3;Chicago                                 
0.010856219260944664;0.9078947368421053;0.2222222222222222;0.0;0.3333333333333333;1565;82;2;0;F ;2;El Paso                                 
0.12328919164522015;0.3157894736842105;0.7777777777777777;0.6000000000000001;0.3333333333333333;17773;37;7;3;F ;2;Kansas City                             
0.2351949610494114;0.513157894736842;0.2222222222222222;0.0;0.3333333333333333;33905;52;2;0;M ;2;Minneapolis                             
0.20137766462953585;0.4078947368421053;0.4444444444444444;0.0;0.0;29030;44;4;0;M ;1;Houston                                 
0.1435310113279272;0.4078947368421053;0.4444444444444444;0.0;0.0;20691;44;4;0;M ;1;New York City                           
0.40495432063652825;0.4736842105263158;0.2222222222222222;0.8;1.0;58377;49;2;4;F ;4;Los Angeles                             
0.21496701512933816;0.42105263157894735;0.5555555555555556;0.0;0.0;30989;45;5;0;F ;1;New York City                           
0.1527848110046685;0.4078947368421053;0.3333333333333333;0.2;0.3333333333333333;22025;44;3;1;F ;2;Portland                                
0.30232316155302896;0.381578947368421;0.2222222222222222;1.0;0.3333333333333333;43582;42;2;5;F ;2;Kansas City                             
0.09237844849712466;0.07894736842105265;0.4444444444444444;0.0;0.0;13317;19;4;0;F ;1;Chicago                                 
0.04792691301844517;0.5394736842105263;0.2222222222222222;0.4;0.6666666666666667;6909;54;2;2;F ;3;Rochester                               
0.18650499108610752;0.2763157894736842;0.4444444444444444;0.0;0.3333333333333333;26886;34;4;0;F ;2;San Jose                                
0.16567353649146416;0.8157894736842105;0.5555555555555556;0.0;0.3333333333333333;23883;75;5;0;M ;2;Milwaukee                               
0.645546175350486;0.48684210526315785;0.0;0.0;0.3333333333333333;93060;50;0;0;M ;2;Milwaukee                               
0.25791324736225085;0.6842105263157895;0.5555555555555556;0.0;0.3333333333333333;37180;65;5;0;M ;2;New York City                           
0.11869003933211707;0.7236842105263157;0.8888888888888888;0.0;0.0;17110;68;8;0;F ;1;Dallas                                  
0.18017161844378005;0.5789473684210527;0.7777777777777777;0.2;0.3333333333333333;25973;57;7;1;M ;2;San Francisco                           
0.07099204339712951;0.06578947368421054;0.3333333333333333;0.0;0.0;10234;18;3;0;F ;1;San Francisco                           
0.25970296274201043;0.6447368421052632;0.2222222222222222;0.0;0.3333333333333333;37438;62;2;0;M ;2;New York City                           
0.20488772657588603;0.39473684210526316;0.3333333333333333;0.0;0.3333333333333333;29536;43;3;0;F ;2;Riverside                               
0.0;0.013157894736842118;0.6666666666666666;0.0;0.0;0;14;6;0;M ;1;Jacksonville                            
0.20144703344270481;0.25;0.2222222222222222;0.2;0.3333333333333333;29040;32;2;1;M ;2;Los Angeles                             
0.022912518989712603;0.631578947368421;0.1111111111111111;0.0;0.6666666666666667;3303;61;1;0;F ;3;Mesa                                    
0.1024508001692599;0.2368421052631579;0.1111111111111111;0.6000000000000001;0.3333333333333333;14769;31;1;3;F ;2;Los Angeles                             
0.0;0.03947368421052633;0.1111111111111111;0.0;0.0;0;16;1;0;F ;1;Austin                                  
0.24360246120549123;0.5789473684210527;0.7777777777777777;0.2;0.3333333333333333;35117;57;7;1;F ;2;Denver                                  
0.09078296579423822;0.11842105263157898;0.1111111111111111;0.0;0.3333333333333333;13087;22;1;0;M ;2;Kansas City                             
0.11264107882378241;0.2631578947368421;0.3333333333333333;0.4;1.0;16238;33;3;2;M ;4;Louisville                              
0.05582802083839147;0.17105263157894735;0.5555555555555556;0.0;0.0;8048;26;5;0;M ;1;Sacramento                              
0.3065824066816041;0.22368421052631582;0.0;0.2;0.3333333333333333;44196;30;0;1;F ;2;New York City                           
0.08286798421165813;0.618421052631579;0.0;0.0;1.0;11946;60;0;0;F ;4;Memphis                                 
0.0;0.05263157894736842;0.2222222222222222;0.0;0.0;0;17;2;0;F ;1;Baltimore                               
0.06277877591792282;0.6842105263157895;0.5555555555555556;0.0;0.3333333333333333;9050;65;5;0;F ;2;Cleveland                               
0.12070867179533425;0.06578947368421054;0.3333333333333333;0.0;0.0;17401;18;3;0;M ;1;Philadelphia                            
0.47197846792039233;0.4605263157894737;0.8888888888888888;0.0;0.0;68039;48;8;0;M ;1;Miami                                   
0.0;0.05263157894736842;0.2222222222222222;0.0;0.0;0;17;2;0;M ;1;Boston                                  
0.08046782327601157;0.06578947368421054;0.3333333333333333;0.0;0.0;11600;18;3;0;M ;1;Chicago                                 
0.13623341218255097;0.15789473684210525;0.4444444444444444;0.2;0.3333333333333333;19639;25;4;1;F ;2;Houston                                 
0.0;0.05263157894736842;0.2222222222222222;0.0;0.0;0;17;2;0;F ;1;St Paul                                 
0.2699626102097019;0.5;0.1111111111111111;0.0;0.3333333333333333;38917;51;1;0;F ;2;Los Angeles                             
0.13630278099571994;0.6973684210526315;0.5555555555555556;0.0;0.3333333333333333;19649;66;5;0;M ;2;New York City                           
0.0;0.05263157894736842;0.2222222222222222;0.0;0.0;0;17;2;0;F ;1;Chicago                                 
0.04494405405217922;0.6842105263157895;0.5555555555555556;0.0;0.3333333333333333;6479;65;5;0;F ;2;Cincinnati                              
0.08537219836705814;0.21052631578947367;0.8888888888888888;0.2;0.3333333333333333;12307;29;8;1;M ;2;Memphis                                 
0.09719264413105157;0.21052631578947367;0.8888888888888888;0.4;0.6666666666666667;14011;29;8;2;F ;3;Phoenix                                 
0.0;0.026315789473684237;0.7777777777777777;0.0;0.0;0;15;7;0;M ;1;Oakland                                 
0.1811358449468288;0.3026315789473684;0.6666666666666666;0.0;0.3333333333333333;26112;36;6;0;M ;2;Nashville                               
0.30092884840833256;0.4605263157894737;0.8888888888888888;0.0;0.0;43381;48;8;0;M ;1;Pittsburgh                              
0.11215549713159957;0.4736842105263158;1.0;0.0;0.0;16168;49;9;0;M ;1;El Paso                                 
0.0574512510665455;0.7894736842105263;0.3333333333333333;0.0;0.3333333333333333;8282;73;3;0;F ;2;San Diego                               
0.0;0.03947368421052633;0.1111111111111111;0.0;0.0;0;16;1;0;F ;1;Los Angeles                             
0.05226246384150614;0.631578947368421;0.1111111111111111;0.0;0.3333333333333333;7534;61;1;0;F ;2;Philadelphia                            
0.3011161442038888;0.35526315789473684;0.0;0.8;0.3333333333333333;43408;40;0;4;F ;2;Oklahoma City                           
0.0;0.0;0.5555555555555556;0.0;0.0;0;13;5;0;F ;1;New York City                           
0.025846819786760268;0.763157894736842;0.1111111111111111;0.0;0.3333333333333333;3726;71;1;0;F ;2;Tucson                                  
0.0302864238295747;0.631578947368421;0.1111111111111111;0.0;0.3333333333333333;4366;61;1;0;F ;2;San Antonio                             
0.06241112120812725;0.13157894736842107;0.2222222222222222;0.4;0.3333333333333333;8997;23;2;2;M ;2;Austin                                  
0.1721387098788127;0.25;0.2222222222222222;0.4;0.3333333333333333;24815;32;2;2;M ;2;Columbus                                
0.08055800273313124;0.3421052631578947;0.5555555555555556;0.4;0.3333333333333333;11613;39;5;2;F ;2;Fresno                                  
0.3429386016634641;0.4473684210526315;0.7777777777777777;0.4;0.3333333333333333;49437;47;7;2;F ;2;Charlotte                               
0.04253695623521577;0.10526315789473684;0.0;0.0;0.0;6132;21;0;0;M ;1;Cleveland                               
0.0;0.013157894736842118;0.6666666666666666;0.0;0.0;0;14;6;0;M ;1;Los Angeles                             
0.0;0.013157894736842118;0.6666666666666666;0.0;0.0;0;14;6;0;M ;1;Houston                                 
0.4038444196258246;0.5526315789473684;0.3333333333333333;0.4;0.3333333333333333;58217;55;3;2;F ;2;St Paul                                 
0.07659010661986584;0.9210526315789473;0.3333333333333333;0.0;0.3333333333333333;11041;83;3;0;F ;2;Houston                                 
0.02904472207385004;0.07894736842105265;0.4444444444444444;0.0;0.0;4187;19;4;0;F ;1;Norfolk                                 
0.22303460810089;0.25;0.2222222222222222;0.0;0.3333333333333333;32152;32;2;0;F ;2;Houston                                 
0.13045499004557531;0.07894736842105265;0.4444444444444444;0.0;0.0;18806;19;4;0;M ;1;Chicago                                 
0.2009961361571065;0.5394736842105263;0.4444444444444444;0.4;0.3333333333333333;28975;54;4;2;M ;2;Austin                                  
0.07967008192456836;0.75;0.0;0.0;0.3333333333333333;11485;70;0;0;F ;2;Indianapolis                            
0.2763098566146632;0.5921052631578947;0.6666666666666666;0.0;0.0;39832;58;6;0;M ;1;Chicago                                 
0.0563274762932081;0.6842105263157895;0.5555555555555556;0.0;1.0;8120;65;5;0;F ;4;New York City                           
0.09642958718619284;0.8289473684210527;0.6666666666666666;0.0;0.3333333333333333;13901;76;6;0;F ;2;New York City                           
0.5969533217256185;0.48684210526315785;0.0;0.4;0.6666666666666667;86055;50;0;2;M ;3;Philadelphia                            
0.1794501827868227;0.5394736842105263;0.4444444444444444;0.2;1.0;25869;54;4;1;F ;4;Cincinnati                              
0.06456155441636549;0.368421052631579;0.1111111111111111;0.0;0.0;9307;41;1;0;F ;1;Anaheim                                 
0.13798150627440914;0.75;0.0;0.0;1.0;19891;70;0;0;M ;4;New Orleans                             
0.37968326199907043;0.48684210526315785;0.0;0.0;0.3333333333333333;54734;50;0;0;M ;2;Los Angeles                             
0.051797692793274;0.368421052631579;0.1111111111111111;0.0;0.0;7467;41;1;0;F ;1;Fort Worth                              
0.20512358054066052;0.4736842105263158;0.3333333333333333;0.0;0.0;29570;49;3;0;F ;1;Dallas                                  
0.15761288040122923;0.5263157894736842;0.2222222222222222;0.4;0.3333333333333333;22721;53;2;2;F ;2;Chicago                                 
0.16285022579548686;0.07894736842105265;0.4444444444444444;0.0;0.0;23476;19;4;0;M ;1;Houston                                 
0.0;0.013157894736842118;0.6666666666666666;0.0;0.0;0;14;6;0;M ;1;Detroit                                 
0.652920080190348;0.5;0.1111111111111111;0.4;0.3333333333333333;94123;51;1;2;M ;2;Chicago                                 
0.03332477784637582;0.8026315789473684;0.4444444444444444;0.0;0.3333333333333333;4804;74;4;0;M ;2;Baltimore                               
0.04561693153991828;0.42105263157894735;0.5555555555555556;0.0;0.0;6576;45;5;0;M ;1;Albuquerque                             
0.0;0.03947368421052633;0.1111111111111111;0.0;0.0;0;16;1;0;F ;1;New York City                           
0.38907579930214975;0.4342105263157895;0.6666666666666666;0.0;0.0;56088;46;6;0;M ;1;Charlotte                               
0.2040622376991752;0.2631578947368421;0.3333333333333333;0.6000000000000001;1.0;29417;33;3;3;M ;4;Tulsa                                   
0.0;0.013157894736842118;0.6666666666666666;0.0;0.0;0;14;6;0;F ;1;Indianapolis                            
0.2151335002809437;0.2368421052631579;0.1111111111111111;0.0;0.0;31013;31;1;0;M ;1;Charlotte                               
0.1862413895960654;0.7105263157894737;0.1111111111111111;0.0;0.3333333333333333;26848;67;1;0;F ;2;Houston                                 
0.27576877987194515;0.5789473684210527;0.7777777777777777;0.4;0.3333333333333333;39754;57;7;2;M ;2;Los Angeles                             
0.0;0.026315789473684237;0.0;0.0;0.0;0;15;0;0;F ;1;Fresno                                  
0.048613664268818024;0.35526315789473684;0.0;0.2;1.0;7008;40;0;1;F ;4;Santa Ana                               
0.30571529651699186;0.3421052631578947;1.0;0.6000000000000001;0.3333333333333333;44071;39;9;3;F ;2;Chicago                                 
0.14001401250026013;0.368421052631579;0.1111111111111111;0.0;0.0;20184;41;1;0;F ;1;Jacksonville                            
0.0;0.026315789473684237;0.7777777777777777;0.0;0.0;0;15;7;0;F ;1;Boston                                  
0.04008823713035094;0.868421052631579;1.0;0.0;0.3333333333333333;5779;79;9;0;F ;2;Milwaukee                               
0.14477271308365186;0.4605263157894737;0.8888888888888888;1.0;0.3333333333333333;20870;48;8;5;F ;2;San Francisco                           
0.30307928161657083;0.7236842105263157;0.8888888888888888;0.0;0.3333333333333333;43691;68;8;0;M ;2;Los Angeles                             
0.01873651643694028;0.75;0.0;0.0;0.3333333333333333;2701;70;0;0;F ;2;Chicago                                 
0.05342092302142803;0.15789473684210525;0.4444444444444444;0.2;0.3333333333333333;7701;25;4;1;M ;2;Louisville                              
0.13401361016114374;0.14473684210526316;0.3333333333333333;0.0;0.3333333333333333;19319;24;3;0;M ;2;Dallas                                  
0.05428803318604022;0.06578947368421054;0.3333333333333333;0.0;0.0;7826;18;3;0;M ;1;Chicago                                 
0.0;0.026315789473684237;0.0;0.0;0.0;0;15;0;0;F ;1;Houston                                 
0.09559716142816513;0.48684210526315785;0.0;0.0;0.3333333333333333;13781;50;0;0;F ;2;Mesa                                    
0.0;0.0;0.5555555555555556;0.0;0.0;0;13;5;0;F ;1;Los Angeles                             
0.0;0.03947368421052633;0.1111111111111111;0.0;0.0;0;16;1;0;F ;1;Tulsa                                   
0.35364220953543707;0.5;0.1111111111111111;0.2;0.3333333333333333;50980;51;1;1;M ;2;Chicago                                 
0.18416032520099612;0.4342105263157895;0.5555555555555556;0.8;1.0;26548;46;5;4;F ;4;New York City                           
0.32403560007491833;0.4473684210526315;0.7777777777777777;0.6000000000000001;0.6666666666666667;46712;47;7;3;F ;3;Los Angeles                             
0.30735240050777973;0.5263157894736842;0.3333333333333333;0.2;0.3333333333333333;44307;53;3;1;M ;2;Houston                                 
0.14516117843739812;0.75;0.0;0.0;1.0;20926;70;0;0;M ;4;New York City                           
0.19385808528201892;0.3421052631578947;0.8888888888888888;0.0;0.0;27946;39;8;0;F ;1;Los Angeles                             
0.11026172853208654;0.4342105263157895;0.6666666666666666;0.2;0.3333333333333333;15895;46;6;1;F ;2;Washington                              
0.40753484048641414;0.48684210526315785;0.0;0.4;0.3333333333333333;58749;50;0;2;F ;2;Norfolk                                 
0.11597078185589323;0.13157894736842107;0.2222222222222222;0.2;0.3333333333333333;16718;23;2;1;F ;2;New York City                           
0.10921425945323501;0.48684210526315785;0.0;0.4;0.3333333333333333;15744;50;0;2;F ;2;New York City                           
0.04056688194121687;0.9210526315789473;0.3333333333333333;0.0;0.0;5848;83;3;0;F ;1;Tampa                                   
0.0;0.026315789473684237;0.7777777777777777;0.0;0.0;0;15;7;0;M ;1;Chicago                                 
0.18131620386106814;0.6842105263157895;0.5555555555555556;0.0;0.3333333333333333;26138;65;5;0;F ;2;Kansas City                             
0.04962644894108507;0.6842105263157895;0.5555555555555556;0.0;0.3333333333333333;7154;65;5;0;M ;2;Toledo                                  
0.08311771193906643;0.2631578947368421;0.3333333333333333;0.0;0.0;11982;33;3;0;F ;1;Memphis                                 
0.07110303349819988;0.7368421052631579;1.0;0.0;0.0;10250;69;9;0;M ;1;Washington                              
0.2176723988429282;0.368421052631579;0.1111111111111111;0.4;0.3333333333333333;31379;41;1;2;F ;2;Indianapolis                            
0.04647710482321358;0.13157894736842107;0.2222222222222222;0.0;0.0;6700;23;2;0;M ;1;New York City                           
0.9869378524802819;0.5394736842105263;0.4444444444444444;0.0;0.6666666666666667;142274;54;4;0;M ;3;Dallas                                  
0.019825606803693194;0.9210526315789473;0.3333333333333333;0.0;1.0;2858;83;3;0;M ;4;Riverside                               
0.0;0.0;0.5555555555555556;0.0;0.0;0;13;5;0;M ;1;Portland                                
0.10376880761947044;0.10526315789473684;0.0;0.0;0.0;14959;21;0;0;M ;1;Rochester                               
0.05283822499080863;0.39473684210526316;0.3333333333333333;0.4;0.3333333333333333;7617;43;3;2;M ;2;Boston                                  
0.284856094397081;0.5526315789473684;0.5555555555555556;0.2;0.3333333333333333;41064;55;5;1;F ;2;Fresno                                  
0.3032110823615919;0.2368421052631579;0.1111111111111111;0.4;0.6666666666666667;43710;31;1;2;F ;3;New York City                           
0.24134103789618264;0.513157894736842;0.2222222222222222;0.4;0.3333333333333333;34791;52;2;2;F ;2;Tulsa                                   
0.2915640586305209;0.25;0.2222222222222222;0.0;0.0;42031;32;2;0;F ;1;Fresno                                  
0.05015365192116928;0.6447368421052632;0.2222222222222222;0.0;0.3333333333333333;7230;62;2;0;M ;2;Minneapolis                             
0.20821049272667994;0.22368421052631582;0.0;0.4;0.3333333333333333;30015;30;0;2;M ;2;Miami                                   
0.04432667161497534;0.368421052631579;0.1111111111111111;0.0;0.3333333333333333;6390;41;1;0;M ;2;Newark                                  
0.4800668715358949;0.5263157894736842;0.3333333333333333;0.4;0.3333333333333333;69205;53;3;2;M ;2;Houston                                 
0.12747906796062627;0.3026315789473684;0.6666666666666666;0.4;0.3333333333333333;18377;36;6;2;F ;2;Houston                                 
0.3093294116830955;0.39473684210526316;0.3333333333333333;0.8;0.3333333333333333;44592;43;3;4;M ;2;Los Angeles                             
0.19782598139528432;0.2368421052631579;0.1111111111111111;0.4;0.6666666666666667;28518;31;1;2;M ;3;Phoenix                                 
0.12809645039783013;0.2368421052631579;0.1111111111111111;0.4;0.6666666666666667;18466;31;1;2;M ;3;Tulsa                                   
0.28299007332283554;0.6973684210526315;0.6666666666666666;0.0;0.3333333333333333;40795;66;6;0;F ;2;New York City                           
0.04010211089298473;0.881578947368421;0.0;0.0;0.0;5781;80;0;0;F ;1;Pittsburgh                              
0.5839744167817033;0.3157894736842105;0.7777777777777777;0.0;0.0;84184;37;7;0;M ;1;Dallas                                  
0.25500669409047083;0.5526315789473684;0.5555555555555556;0.2;0.3333333333333333;36761;55;5;1;M ;2;New York City                           
0.012583502708852154;0.06578947368421054;0.3333333333333333;0.0;0.0;1814;18;3;0;F ;1;Detroit                                 
0.051006888323147676;0.07894736842105265;0.4444444444444444;0.0;0.0;7353;19;4;0;M ;1;Toledo                                  
0.10704995248236297;0.6447368421052632;0.2222222222222222;0.0;0.0;15432;62;2;0;F ;1;Los Angeles                             
0.1508494211172541;0.22368421052631582;0.0;0.6000000000000001;1.0;21746;30;0;3;F ;4;Los Angeles                             
0.11290468031382452;0.35526315789473684;0.0;0.6000000000000001;1.0;16276;40;0;3;F ;4;Chicago                                 
0.2830108839667862;0.3026315789473684;0.6666666666666666;0.4;0.3333333333333333;40798;36;6;2;M ;2;New York City                           
0.03370630631880519;0.21052631578947367;0.8888888888888888;0.2;1.0;4859;29;8;1;F ;4;Los Angeles                             
0.0;0.013157894736842118;0.6666666666666666;0.0;0.0;0;14;6;0;M ;1;New York City                           
0.1488654730606214;0.5263157894736842;0.2222222222222222;0.0;0.3333333333333333;21460;53;2;0;F ;2;Phoenix                                 
0.3032457667681764;0.2631578947368421;0.3333333333333333;0.4;0.3333333333333333;43715;33;3;2;F ;2;Chicago                                 
0.01861858945455302;0.17105263157894735;0.2222222222222222;0.0;0.0;2684;26;2;0;F ;1;Chicago                                 
0.16856621600061045;0.4473684210526315;0.7777777777777777;0.0;0.0;24300;47;7;0;M ;1;New York City                           
0.30735240050777973;0.2631578947368421;0.3333333333333333;0.6000000000000001;0.3333333333333333;44307;33;3;3;M ;2;Los Angeles                             
0.0;0.026315789473684237;0.7777777777777777;0.0;0.0;0;15;7;0;F ;1;Honolulu                                
0.39985571286860855;0.6052631578947368;1.0;0.2;0.3333333333333333;57642;59;9;1;M ;2;Charlotte                               
0.04859285362486733;0.8421052631578947;0.7777777777777777;0.0;0.6666666666666667;7005;77;7;0;F ;3;Fort Worth                              
0.0905817962360482;0.1842105263157895;0.6666666666666666;0.4;0.3333333333333333;13058;27;6;2;F ;2;Dallas                                  
0.2529464403393522;0.25;0.2222222222222222;0.0;0.0;36464;32;2;0;M ;1;Arlington                               
0.05552973494176488;0.2631578947368421;0.3333333333333333;0.4;0.6666666666666667;8005;33;3;2;F ;3;Riverside                               
0.06831440720880706;0.381578947368421;0.2222222222222222;0.4;0.3333333333333333;9848;42;2;2;F ;2;Portland                                
0.05729170279625686;0.21052631578947367;0.8888888888888888;0.4;1.0;8259;29;8;2;M ;4;Colorado Springs                        
0.0;0.026315789473684237;0.0;0.0;0.0;0;15;0;0;M ;1;Tucson                                  
0.058429351332228055;0.32894736842105265;0.4444444444444444;0.0;0.3333333333333333;8423;38;4;0;F ;2;Cincinnati                              
0.3278855692057965;0.5394736842105263;0.4444444444444444;0.2;1.0;47267;54;4;1;M ;4;New York City                           
0.0;0.03947368421052633;0.1111111111111111;0.0;0.0;0;16;1;0;M ;1;Houston                                 
0.11782986604882177;0.35526315789473684;0.0;0.0;0.0;16986;40;0;0;F ;1;Newark                                  
0.253910666842401;0.6842105263157895;0.5555555555555556;0.0;0.3333333333333333;36603;65;5;0;M ;2;New York City                           
0.16158771339581152;0.5;0.1111111111111111;0.2;0.3333333333333333;23294;51;1;1;F ;2;Chicago                                 
0.31036994388063016;0.2368421052631579;0.1111111111111111;0.4;0.3333333333333333;44742;31;1;2;F ;2;Chicago                                 
0.0;0.05263157894736842;0.2222222222222222;0.0;0.0;0;17;2;0;F ;1;Lexington                               
0.12946301601725896;0.3421052631578947;1.0;0.6000000000000001;0.3333333333333333;18663;39;9;3;M ;2;Seattle                                 
0.45106377074994625;0.39473684210526316;0.3333333333333333;0.0;0.3333333333333333;65024;43;3;0;F ;2;Dayton                                  
0.17233294255568582;0.631578947368421;0.1111111111111111;0.0;0.3333333333333333;24843;61;1;0;M ;2;Buffalo                                 
0.5264399231393551;0.35526315789473684;0.0;0.0;0.6666666666666667;75890;40;0;0;M ;3;Los Angeles                             
0.05610549609106738;0.9342105263157894;0.4444444444444444;0.0;0.0;8088;84;4;0;M ;1;Milwaukee                               
0.11913399973639852;0.894736842105263;0.1111111111111111;0.0;0.3333333333333333;17174;81;1;0;M ;2;San Francisco                           
0.21948986174795534;0.4473684210526315;0.7777777777777777;0.4;0.3333333333333333;31641;47;7;2;F ;2;Corpus Christi                          
0.02946093495286389;0.5526315789473684;0.5555555555555556;0.2;0.3333333333333333;4247;55;5;1;F ;2;Detroit                                 
0.10029343007970476;0.4736842105263158;1.0;0.0;0.3333333333333333;14458;49;9;0;F ;2;Indianapolis                            
0.3251316273229881;0.6052631578947368;1.0;0.0;0.3333333333333333;46870;59;9;0;M ;2;Los Angeles                             
0.07491831822249354;1.0;1.0;0.0;0.3333333333333333;10800;89;9;0;F ;2;Indianapolis                            
0.08374203125758721;0.7368421052631579;1.0;0.0;0.3333333333333333;12072;69;9;0;F ;2;Nashville                               
0.08784866499719056;0.5526315789473684;0.5555555555555556;0.2;1.0;12664;55;5;1;F ;4;Chicago                                 
0.14024986646503465;0.2763157894736842;0.4444444444444444;0.4;0.3333333333333333;20218;34;4;2;F ;2;Nashville                               
0.18895371019097235;0.5789473684210527;0.7777777777777777;0.0;0.0;27239;57;7;0;M ;1;Los Angeles                             
0.2691718057395756;0.368421052631579;0.1111111111111111;0.4;0.3333333333333333;38803;41;1;2;M ;2;New York City                           
0.04237047108361023;0.07894736842105265;0.4444444444444444;0.0;0.0;6108;19;4;0;M ;1;Albuquerque                             
0.3458937131044625;0.5526315789473684;0.5555555555555556;0.0;0.3333333333333333;49863;55;5;0;M ;2;Dallas                                  
0.04106633739603349;0.6973684210526315;0.6666666666666666;0.0;0.6666666666666667;5920;66;6;0;F ;3;Memphis                                 
0.0;0.05263157894736842;0.2222222222222222;0.0;0.0;0;17;2;0;M ;1;New York City                           
0.16461913053129573;0.11842105263157898;0.1111111111111111;0.0;0.3333333333333333;23731;22;1;0;M ;2;Phoenix                                 
0.43170987187580206;0.22368421052631582;0.0;0.6000000000000001;0.3333333333333333;62234;30;0;3;F ;2;New York City                           
0.36698183230783105;0.35526315789473684;0.0;0.0;0.6666666666666667;52903;40;0;0;F ;3;Houston                                 
0.3876884230387702;0.2894736842105263;0.5555555555555556;0.4;0.6666666666666667;55888;35;5;2;F ;3;Nashville                               
0.01817462905027158;0.11842105263157898;0.1111111111111111;0.0;0.0;2620;22;1;0;M ;1;Philadelphia                            
0.0843386030508404;0.2894736842105263;0.5555555555555556;0.6000000000000001;1.0;12158;35;5;3;F ;4;Anaheim                                 
0.5783000478644811;0.4342105263157895;0.6666666666666666;0.0;0.0;83366;46;6;0;F ;1;New York City                           
0.16903792393015948;0.2631578947368421;0.3333333333333333;0.6000000000000001;0.3333333333333333;24368;33;3;3;F ;2;Newark                                  
0.0;0.026315789473684237;0.0;0.0;0.0;0;15;0;0;M ;1;New York City                           
0.1672828929569844;0.4605263157894737;0.8888888888888888;0.2;0.3333333333333333;24115;48;8;1;F ;2;El Paso                                 
0.22601053018583905;0.2631578947368421;0.3333333333333333;0.4;0.3333333333333333;32581;33;3;2;F ;2;Phoenix                                 
0.0;0.0;0.5555555555555556;0.0;0.0;0;13;5;0;F ;1;Honolulu                                
0.0;0.05263157894736842;0.2222222222222222;0.0;0.0;0;17;2;0;M ;1;Chicago                                 
0.3795375874914156;0.5526315789473684;0.5555555555555556;0.2;0.3333333333333333;54713;55;5;1;F ;2;Tucson                                  
0.25398697253688685;0.32894736842105265;0.5555555555555556;0.2;1.0;36614;38;5;1;M ;4;Miami                                   
0.32229444286437703;0.513157894736842;0.2222222222222222;0.2;0.3333333333333333;46461;52;2;1;M ;2;Houston                                 
0.10501744625651199;0.6578947368421052;0.3333333333333333;0.0;0.3333333333333333;15139;63;3;0;M ;2;Birmingham                              
0.017106349327469357;0.6447368421052632;0.2222222222222222;0.0;0.0;2466;62;2;0;M ;1;Indianapolis                            
0.1132029662104511;0.48684210526315785;0.0;0.2;0.3333333333333333;16319;50;0;1;F ;2;Houston                                 
0.17164619130531295;0.22368421052631582;0.0;0.0;0.0;24744;30;0;0;F ;1;Sacramento                              
0.13124579451570162;0.5;0.1111111111111111;0.0;0.0;18920;51;1;0;F ;1;St Louis                                
0.01605194336730093;0.986842105263158;0.8888888888888888;0.0;0.3333333333333333;2314;88;8;0;F ;2;Tulsa                                   
0.3040365712383027;0.39473684210526316;0.3333333333333333;0.0;0.0;43829;43;3;0;F ;1;Lexington                               
0.06799531066822978;0.6973684210526315;0.6666666666666666;0.0;0.6666666666666667;9802;66;6;0;F ;3;St Louis                                
0.0;0.05263157894736842;0.2222222222222222;0.0;0.0;0;17;2;0;F ;1;Philadelphia                            
0.03073732111517304;0.6447368421052632;0.2222222222222222;0.0;0.6666666666666667;4431;62;2;0;M ;3;Philadelphia                            
0.20478367335613254;0.4605263157894737;0.4444444444444444;0.0;0.0;29521;48;4;0;F ;1;New York City                           
0.2539245406050348;0.35526315789473684;0.0;0.2;1.0;36605;40;0;1;F ;4;Oklahoma City                           
0.09204547819391358;0.48684210526315785;0.0;0.2;0.3333333333333333;13269;50;0;1;M ;2;Jersey City                             
0.11004668521126272;0.6973684210526315;0.6666666666666666;0.0;0.0;15864;66;6;0;F ;1;Los Angeles                             
0.01587852133437849;0.2763157894736842;0.4444444444444444;0.0;0.3333333333333333;2289;34;4;0;F ;2;Corpus Christi                          
0.0;0.026315789473684237;0.0;0.0;0.0;0;15;0;0;F ;1;Honolulu                                
0.10263115908349923;0.3026315789473684;0.6666666666666666;0.2;1.0;14795;36;6;1;F ;4;Los Angeles                             
0.18304348730897563;0.5657894736842105;0.6666666666666666;0.2;0.3333333333333333;26387;56;6;1;M ;2;New York City                           
0.42523082472581974;0.48684210526315785;0.0;0.4;0.3333333333333333;61300;50;0;2;M ;2;Albuquerque                             
0.10474690788515299;0.3157894736842105;0.7777777777777777;0.0;0.3333333333333333;15100;37;7;0;F ;2;Birmingham                              
0.12399675353954369;0.06578947368421054;0.3333333333333333;0.0;0.0;17875;18;3;0;F ;1;Los Angeles                             
